,playerID,gamesPlayed,season,min,fgm,fga,fg3m,fg3a,ftm,fta,oreb,dreb,reb,ast,stl,blk,turnover,pf,pts,fg_pct,fg3_pct,ft_pct
0,237,67,2019,34:34,9.6,19.45,2.21,6.34,3.94,5.69,0.96,6.85,7.81,10.21,1.16,0.55,3.9,1.76,25.34,0.493,0.348,0.693
1,220,69,2019,18:55,2.93,4.01,0.04,0.07,1.59,3.1,2.48,4.88,7.36,0.65,0.45,1.14,1.23,3.22,7.49,0.729,0.6,0.514
2,481,66,2019,28:14,5.92,14.18,1.68,4.77,4.42,5.14,0.47,2.58,3.05,5.53,0.65,0.18,2.76,1.21,17.95,0.418,0.352,0.861
3,138,71,2019,5:07,0.34,0.85,0.25,0.59,0.03,0.03,0.08,0.65,0.73,0.39,0.21,0.04,0.11,0.58,0.96,0.4,0.429,1.0
4,306,68,2019,16:37,2.87,4.5,0.04,0.09,0.78,1.21,1.85,3.9,5.75,0.54,0.53,1.37,0.81,2.34,6.56,0.637,0.5,0.646
5,45,51,2019,26:18,2.88,6.69,1.57,4.04,0.61,0.92,1.12,4.1,5.22,3.59,1.06,0.49,1.29,3.06,7.94,0.431,0.388,0.66
6,184,68,2019,24:48,2.9,6.97,1.76,4.81,0.49,0.71,0.76,2.56,3.32,1.34,1.24,0.46,0.93,2.0,8.04,0.416,0.367,0.687
7,365,71,2019,10:55,1.34,3.28,0.94,2.42,0.49,0.61,0.49,1.65,2.14,0.58,0.1,0.04,0.3,0.76,4.11,0.408,0.39,0.814
8,59,49,2019,24:12,3.47,7.82,1.29,3.53,0.41,0.49,0.37,1.96,2.33,1.29,0.88,0.1,0.96,2.24,8.63,0.444,0.364,0.833
9,274,58,2019,31:51,9.17,19.53,2.12,5.6,6.14,6.93,0.93,6.0,6.93,4.83,1.78,0.57,2.57,1.95,26.6,0.47,0.378,0.886
10,117,62,2019,34:22,8.89,17.68,1.16,3.52,7.16,8.47,2.29,7.03,9.32,3.23,1.47,2.31,2.47,2.52,26.1,0.503,0.33,0.846
11,193,63,2019,22:38,2.25,4.49,0.54,1.56,0.62,1.05,0.87,2.95,3.83,1.08,0.9,0.52,0.84,2.35,5.67,0.502,0.347,0.591
12,187,63,2019,20:44,2.4,5.59,1.46,3.78,0.57,0.76,1.22,4.94,6.16,0.78,0.46,0.38,0.86,2.76,6.83,0.429,0.387,0.75
13,81,69,2019,25:31,3.43,7.35,1.33,3.46,1.14,1.48,0.55,1.51,2.06,1.61,0.84,0.2,0.9,1.86,9.35,0.467,0.385,0.775
14,116,67,2019,7:56,1.07,2.78,0.69,1.97,0.15,0.24,0.18,0.6,0.78,0.25,0.16,0.04,0.18,0.55,2.99,0.387,0.348,0.625
15,194,63,2019,27:45,7.48,12.9,0.0,0.29,3.67,5.57,2.6,4.48,7.08,1.7,0.63,1.11,1.71,2.32,18.62,0.579,0.0,0.658
16,106,70,2019,7:15,1.3,3.06,0.44,1.21,0.16,0.2,0.16,0.57,0.73,0.7,0.17,0.03,0.47,0.39,3.2,0.425,0.365,0.786
17,493,72,2019,18:24,3.28,5.38,0.0,0.03,1.72,2.31,2.76,4.81,7.57,1.14,0.22,0.92,0.85,2.33,8.28,0.61,0.0,0.747
18,89,64,2019,18:21,1.88,4.55,0.63,1.88,1.08,1.47,0.27,1.66,1.92,1.95,1.09,0.28,0.83,1.53,5.45,0.412,0.333,0.734
19,331,21,2019,1:57,0.52,0.71,0.05,0.05,0.24,0.33,0.14,0.33,0.48,0.33,0.14,0.0,0.24,0.29,1.33,0.733,1.0,0.714
20,16,13,2019,1:32,0.23,0.23,0.0,0.0,0.08,0.15,0.15,0.08,0.23,0.15,0.0,0.0,0.08,0.15,0.54,1.0,0.0,0.5
21,398,72,2019,13:35,1.6,4.31,0.68,2.13,0.56,0.79,0.18,1.61,1.79,1.21,0.39,0.24,0.68,1.56,4.43,0.371,0.32,0.702
22,414,53,2019,27:23,2.98,7.38,2.09,5.58,1.23,1.43,0.11,1.77,1.89,1.87,0.38,0.19,0.79,2.68,9.28,0.404,0.375,0.855
23,666743,52,2019,6:57,0.71,1.52,0.13,0.38,0.35,0.52,0.19,0.87,1.06,1.02,0.21,0.1,0.35,0.88,1.9,0.468,0.35,0.667
24,666692,27,2019,2:23,0.52,1.19,0.33,0.74,0.19,0.19,0.04,0.37,0.41,0.07,0.07,0.07,0.07,0.33,1.56,0.437,0.45,1.0
25,666808,8,2019,5:06,0.38,1.5,0.38,1.0,0.13,0.13,0.0,0.75,0.75,0.38,0.25,0.0,0.38,0.5,1.25,0.25,0.375,1.0
26,318,51,2019,24:18,4.14,8.59,1.06,2.43,2.25,2.76,1.92,3.82,5.75,1.63,0.86,0.59,1.37,2.94,11.59,0.482,0.435,0.816
27,446,74,2019,11:46,0.88,2.46,0.66,1.96,0.28,0.39,0.46,1.62,2.08,0.57,0.26,0.15,0.46,1.0,2.7,0.357,0.338,0.724
28,474,67,2019,29:58,6.51,10.48,0.06,0.1,2.45,3.57,3.85,9.66,13.51,1.16,0.39,2.93,1.79,2.93,15.52,0.621,0.571,0.686
29,278,66,2019,37:28,9.45,20.42,4.09,10.21,6.97,7.85,0.5,3.8,4.3,8.03,1.06,0.33,2.94,1.73,29.97,0.463,0.401,0.888
30,31,58,2019,33:01,5.72,12.72,1.86,4.97,1.79,2.33,1.31,5.0,6.31,3.66,1.07,0.5,1.53,2.09,15.1,0.45,0.375,0.77
31,36,70,2019,24:06,2.86,7.63,1.2,3.49,1.61,2.1,0.39,3.81,4.2,1.33,1.06,0.57,1.3,2.8,8.53,0.375,0.344,0.769
32,303,70,2019,36:31,8.73,19.37,2.77,7.31,2.0,2.64,0.66,3.6,4.26,4.43,0.77,0.6,1.81,2.61,22.23,0.451,0.379,0.757
33,371,62,2019,17:02,2.85,4.65,0.0,0.08,1.34,2.5,1.58,3.52,5.1,2.48,0.52,0.6,1.31,2.31,7.05,0.615,0.0,0.535
34,196,56,2019,31:47,3.89,9.27,1.25,3.75,1.34,1.64,0.46,2.43,2.89,2.11,1.36,0.25,1.07,2.07,10.38,0.42,0.333,0.815
35,218,22,2019,28:07,3.95,7.82,1.59,3.23,0.95,1.23,0.45,2.82,3.27,1.45,0.77,0.18,0.86,2.09,10.45,0.506,0.493,0.778
36,182,71,2019,26:38,4.27,8.92,1.38,3.55,2.04,2.73,0.8,2.68,3.48,1.24,0.7,0.8,0.89,2.17,11.96,0.479,0.389,0.747
37,246,73,2019,31:59,7.74,14.67,1.1,3.49,3.37,4.12,2.27,7.47,9.74,7.01,1.16,0.6,3.08,3.04,19.95,0.528,0.314,0.817
38,208,65,2019,13:24,1.42,3.35,0.37,1.2,0.74,0.91,0.46,2.37,2.83,0.77,0.55,0.14,0.65,1.65,3.94,0.422,0.308,0.814
39,38,64,2019,18:53,3.55,8.34,1.67,4.31,0.84,1.03,0.28,2.03,2.31,1.17,0.63,0.13,0.91,1.2,9.61,0.425,0.388,0.818
40,266,33,2019,17:10,2.45,4.45,0.09,0.39,0.76,1.0,1.97,3.12,5.09,1.27,0.21,0.94,0.91,2.7,5.76,0.551,0.231,0.758
41,335,59,2019,32:15,6.92,15.15,1.9,5.49,2.76,3.14,0.76,3.24,4.0,4.81,1.14,0.29,2.15,1.73,18.49,0.456,0.346,0.881
42,206,65,2019,12:49,1.54,3.8,0.68,1.98,0.68,1.09,0.66,2.37,3.03,0.62,0.29,0.14,0.48,0.98,4.43,0.405,0.341,0.62
43,102,11,2019,26:21,2.91,6.18,0.64,1.73,0.55,0.73,2.27,4.0,6.27,1.45,0.45,0.45,1.27,3.27,7.0,0.471,0.368,0.75
44,135,41,2019,10:02,1.59,3.83,0.41,1.2,0.51,0.71,0.24,1.1,1.34,1.54,0.34,0.15,0.66,1.1,4.1,0.414,0.347,0.724
45,330,73,2019,22:24,3.56,7.75,0.89,2.36,1.03,1.22,0.33,1.55,1.88,3.49,0.75,0.23,0.73,1.0,9.04,0.459,0.378,0.843
46,110,73,2019,14:40,1.7,3.68,0.62,1.89,0.3,0.49,0.86,1.73,2.59,0.64,0.32,0.49,0.34,1.85,4.32,0.461,0.326,0.611
47,375,65,2019,13:53,3.0,5.89,0.95,2.26,0.92,1.11,1.02,2.97,3.98,0.71,0.42,0.37,0.75,1.54,7.88,0.509,0.422,0.833
48,419,73,2019,19:50,2.93,7.36,1.03,3.1,1.04,1.26,0.34,1.74,2.08,1.33,0.36,0.14,0.84,1.85,7.93,0.399,0.332,0.826
49,3089,68,2019,19:35,2.88,6.49,1.65,3.94,0.54,0.66,0.37,1.1,1.47,0.9,0.71,0.24,0.31,1.32,7.96,0.444,0.418,0.822
50,666729,67,2019,8:32,0.97,2.25,0.21,0.88,0.42,0.66,0.46,1.15,1.61,0.33,0.19,0.22,0.22,1.07,2.57,0.43,0.237,0.636
51,88,62,2019,14:07,1.73,4.9,0.98,3.26,0.37,0.47,0.29,1.71,2.0,0.77,0.37,0.4,0.53,1.45,4.81,0.352,0.302,0.793
52,401,50,2019,25:57,7.38,15.06,0.9,2.94,2.42,2.78,0.54,1.88,2.42,5.56,0.8,0.34,2.52,0.98,18.08,0.49,0.306,0.871
53,451,28,2019,8:58,0.89,2.39,0.0,0.18,0.43,0.5,0.29,1.07,1.36,1.36,0.32,0.29,0.93,0.71,2.21,0.373,0.0,0.857
54,329,62,2019,19:09,3.27,7.4,1.42,3.69,1.06,1.37,0.63,2.89,3.52,1.24,0.5,0.26,1.23,2.15,9.03,0.442,0.384,0.776
55,236,32,2019,23:12,4.19,10.19,1.78,4.53,1.41,1.69,0.53,2.34,2.88,3.94,0.41,0.16,1.59,1.84,11.56,0.411,0.393,0.833
56,137,57,2019,32:56,7.33,13.77,0.09,0.61,2.96,5.16,4.42,10.77,15.19,2.67,1.91,1.63,3.56,3.53,17.72,0.532,0.143,0.575
57,273,56,2019,17:19,3.16,5.71,0.29,1.05,1.21,1.88,1.8,3.95,5.75,0.89,0.41,0.86,1.0,2.27,7.82,0.553,0.271,0.648
58,426,59,2019,27:48,2.88,6.47,1.73,4.31,0.54,0.54,0.15,1.73,1.88,2.15,0.54,0.25,0.53,1.71,8.03,0.445,0.402,1.0
59,362,47,2019,19:31,4.66,9.13,0.68,2.53,1.3,1.72,1.3,3.26,4.55,1.45,0.96,0.34,1.36,2.11,11.3,0.51,0.269,0.753
60,163,48,2019,7:23,0.71,1.96,0.21,0.63,0.4,0.5,0.19,0.5,0.69,1.94,0.29,0.06,0.75,0.88,2.02,0.362,0.333,0.792
61,168,66,2019,25:47,3.58,8.21,2.0,5.02,1.09,1.27,0.5,1.74,2.24,1.53,0.73,0.15,0.61,1.45,10.24,0.435,0.399,0.857
62,486,64,2019,20:41,4.5,7.94,0.84,2.19,2.83,3.8,1.63,4.47,6.09,0.94,0.53,0.86,1.31,1.53,12.67,0.567,0.386,0.745
63,248,67,2019,13:14,1.81,2.66,0.03,0.13,0.93,1.25,1.1,1.97,3.07,0.52,0.39,0.6,0.42,2.22,4.57,0.68,0.222,0.738
64,295,65,2019,11:56,1.43,2.97,0.34,0.98,1.12,1.69,0.83,1.74,2.57,0.66,0.38,0.6,0.69,1.57,4.32,0.482,0.344,0.664
65,42,46,2019,19:53,2.26,4.96,0.33,1.41,0.57,1.04,0.74,2.57,3.3,1.76,1.2,0.41,1.3,1.83,5.41,0.456,0.231,0.542
66,254,28,2019,32:55,5.39,12.21,2.61,6.54,2.39,2.68,0.32,3.18,3.5,4.11,0.43,0.21,1.54,2.32,15.79,0.442,0.399,0.893
67,101,46,2019,29:37,7.67,13.15,1.28,3.2,2.61,3.26,2.52,6.52,9.04,1.3,0.67,1.43,1.63,3.0,19.24,0.583,0.401,0.8
68,69,58,2019,28:10,3.41,7.71,0.57,1.66,1.52,2.05,1.05,3.67,4.72,3.97,1.09,0.5,1.74,2.79,8.91,0.443,0.344,0.739
69,666564,58,2019,12:16,1.78,3.43,0.09,0.64,0.5,0.88,1.16,2.26,3.41,0.84,0.31,0.29,0.72,1.84,4.14,0.518,0.135,0.569
70,221,56,2019,31:25,4.5,10.89,2.27,5.96,0.95,1.14,0.64,3.45,4.09,3.82,0.91,0.48,1.55,2.48,12.21,0.413,0.38,0.828
71,338,62,2019,20:24,2.68,6.53,1.85,4.6,0.92,1.13,0.27,1.4,1.68,1.71,0.66,0.06,0.98,1.4,8.13,0.41,0.404,0.814
72,441,18,2019,3:24,0.28,0.94,0.28,0.78,0.11,0.22,0.06,0.0,0.06,0.17,0.17,0.0,0.17,0.5,0.94,0.294,0.357,0.5
73,490,60,2019,35:19,9.1,20.82,3.42,9.47,8.02,9.32,0.52,3.72,4.23,9.33,1.08,0.13,4.8,1.73,29.63,0.437,0.361,0.86
74,3091,41,2019,10:29,1.85,4.63,0.63,2.12,0.68,0.73,0.27,1.49,1.76,1.24,0.29,0.1,0.71,1.05,5.02,0.4,0.299,0.933
75,666860,58,2019,26:44,3.67,9.55,1.43,4.31,1.74,2.17,0.62,3.1,3.72,1.5,1.07,0.48,1.64,2.28,10.52,0.384,0.332,0.802
76,666656,63,2019,32:01,4.44,10.84,1.71,4.83,1.75,2.29,0.7,3.84,4.54,1.76,0.7,0.29,1.63,2.89,12.35,0.41,0.355,0.764
77,367,70,2019,31:32,6.2,12.67,1.59,4.34,3.61,3.99,0.37,4.66,5.03,6.74,1.57,0.16,2.3,2.26,17.6,0.489,0.365,0.907
78,104,47,2019,29:00,4.94,12.06,2.04,5.45,2.45,2.96,0.68,2.51,3.19,4.43,0.79,0.11,1.96,2.21,14.36,0.409,0.375,0.827
79,188,48,2019,20:00,3.31,7.17,1.29,3.81,1.52,1.9,0.5,2.27,2.77,1.04,0.54,0.4,0.88,1.85,9.44,0.462,0.339,0.802
80,167,62,2019,29:34,5.77,13.18,2.87,7.08,4.29,4.81,0.55,4.61,5.16,1.92,0.69,0.08,1.23,1.21,18.71,0.438,0.405,0.893
81,118,56,2019,5:25,0.39,0.82,0.0,0.0,0.13,0.25,0.63,1.25,1.88,0.21,0.2,0.16,0.23,1.09,0.91,0.478,0.0,0.5
82,54,63,2019,33:03,6.63,14.84,3.0,7.25,3.97,4.4,0.62,3.49,4.11,2.1,0.54,0.11,2.54,1.75,20.24,0.447,0.414,0.903
83,345,61,2019,18:28,3.02,4.41,0.02,0.05,1.31,1.74,1.49,3.43,4.92,0.93,0.97,1.49,1.08,2.72,7.36,0.684,0.333,0.755
84,409,65,2019,30:45,6.97,14.86,1.92,5.02,3.05,3.63,0.29,3.34,3.63,4.03,0.71,0.22,2.54,2.25,18.91,0.469,0.383,0.839
85,337,70,2019,8:10,1.1,2.7,0.77,2.04,0.26,0.31,0.23,1.31,1.54,0.57,0.13,0.17,0.24,0.83,3.23,0.407,0.378,0.818
86,176,68,2019,34:18,5.68,8.19,0.0,0.0,3.74,5.93,3.41,10.09,13.5,1.5,0.72,1.97,1.91,3.16,15.09,0.693,0.0,0.63
87,3,63,2019,26:40,4.49,7.59,0.02,0.05,1.86,3.19,3.3,5.94,9.24,2.32,0.81,1.08,1.51,1.94,10.86,0.592,0.333,0.582
88,226,72,2019,29:40,3.42,7.68,1.96,4.9,1.03,1.31,0.38,3.49,3.86,5.17,0.9,0.15,1.96,2.14,9.82,0.445,0.399,0.787
89,333,65,2019,13:04,2.32,5.02,0.46,1.34,0.97,1.28,0.28,1.66,1.94,1.78,0.37,0.15,1.17,1.11,6.08,0.463,0.345,0.759
90,351,71,2019,28:51,2.23,5.14,1.3,3.44,0.59,0.77,0.37,5.1,5.46,2.54,0.83,0.45,0.86,2.85,6.34,0.433,0.377,0.764
91,344,72,2019,12:49,1.96,4.47,1.25,3.13,0.28,0.33,0.21,1.56,1.76,0.6,0.25,0.07,0.42,1.04,5.44,0.438,0.4,0.833
92,339,64,2019,13:32,1.92,4.11,0.75,2.0,0.8,1.03,0.22,1.34,1.56,0.59,0.36,0.31,0.67,1.22,5.39,0.468,0.375,0.773
93,322,69,2019,34:15,8.72,19.45,2.51,6.86,4.03,4.67,0.77,3.64,4.41,4.26,1.01,0.2,2.67,2.49,23.99,0.449,0.366,0.863
94,366,20,2019,1:12,0.2,0.5,0.05,0.2,0.0,0.0,0.05,0.2,0.25,0.1,0.0,0.0,0.1,0.2,0.45,0.4,0.25,0.0
95,156,56,2019,22:27,1.39,3.93,0.88,3.0,0.27,0.36,0.41,0.93,1.34,0.91,0.46,0.3,0.55,2.77,3.93,0.355,0.292,0.75
96,60,69,2019,9:36,1.83,2.74,0.04,0.04,0.43,0.67,1.62,2.26,3.88,0.33,0.2,0.48,0.43,1.67,4.13,0.667,1.0,0.652
97,666963,25,2019,1:59,0.2,0.64,0.08,0.28,0.08,0.08,0.08,0.16,0.24,0.24,0.12,0.04,0.12,0.24,0.56,0.313,0.286,1.0
98,128,52,2019,17:13,2.54,5.69,0.31,1.1,0.73,1.21,0.85,2.37,3.21,0.69,0.71,0.17,0.98,1.94,6.12,0.446,0.281,0.603
99,175,70,2019,34:41,6.83,14.47,1.24,3.59,4.11,5.1,0.67,5.21,5.89,3.31,1.13,0.67,1.93,1.67,19.01,0.472,0.347,0.807
100,78,62,2019,5:44,0.69,2.02,0.16,0.85,0.13,0.23,0.11,0.81,0.92,0.27,0.1,0.16,0.31,0.55,1.68,0.344,0.189,0.571
101,666429,61,2019,18:30,2.05,5.2,0.8,2.31,0.7,1.02,0.49,3.54,4.03,0.67,0.38,0.67,0.74,0.9,5.61,0.394,0.348,0.694
102,666697,14,2019,1:05,0.0,0.21,0.0,0.07,0.0,0.0,0.0,0.21,0.21,0.07,0.0,0.0,0.14,0.21,0.0,0.0,0.0,0.0
103,482,64,2019,17:38,1.86,4.17,0.88,2.44,0.77,0.89,0.48,2.41,2.89,0.94,0.55,0.48,0.52,1.61,5.36,0.446,0.359,0.86
104,489,64,2019,24:51,4.2,9.41,1.23,3.48,0.66,1.13,1.47,3.45,4.92,1.83,1.44,0.36,1.59,2.09,10.3,0.447,0.354,0.583
105,33,48,2019,10:31,0.58,1.69,0.29,1.02,0.19,0.21,0.5,1.56,2.06,1.35,0.35,0.17,0.46,0.85,1.65,0.346,0.286,0.9
106,48,65,2019,15:49,2.32,4.28,0.0,0.0,1.4,2.32,1.85,2.89,4.74,0.77,0.15,0.75,0.74,1.78,6.05,0.543,0.0,0.603
107,255,64,2019,4:23,0.34,1.03,0.08,0.31,0.17,0.22,0.22,0.83,1.05,0.22,0.03,0.09,0.25,0.58,0.94,0.333,0.25,0.786
108,408,65,2019,28:53,3.65,8.48,0.98,3.06,1.63,1.86,1.17,2.74,3.91,5.43,1.23,0.11,2.0,2.08,9.91,0.43,0.322,0.876
109,491,62,2019,21:37,4.05,7.74,0.29,1.21,1.97,2.89,2.6,4.05,6.65,1.42,0.65,0.42,1.21,2.26,10.35,0.523,0.24,0.682
110,376,14,2019,23:37,4.43,10.0,1.71,4.43,1.36,1.93,0.93,2.5,3.43,1.79,1.07,0.43,0.79,2.21,11.93,0.443,0.387,0.704
111,268,60,2019,34:45,8.98,20.0,3.07,8.07,4.47,5.57,0.7,4.13,4.83,4.23,1.45,0.47,3.43,2.18,25.5,0.449,0.38,0.802
112,403,63,2019,34:21,6.32,14.97,2.73,6.75,2.63,3.03,0.79,3.59,4.38,4.1,0.95,0.16,2.24,2.0,18.0,0.422,0.405,0.869
113,207,65,2019,5:46,1.14,2.15,0.08,0.34,0.57,0.91,0.69,1.4,2.09,0.45,0.15,0.11,0.45,0.49,2.92,0.529,0.227,0.627
114,139,51,2019,24:52,2.98,6.71,0.57,2.2,0.78,1.06,0.45,3.24,3.69,3.39,1.96,0.35,1.33,3.1,7.31,0.444,0.259,0.741
115,456,55,2019,8:52,1.76,4.31,0.84,2.49,0.11,0.15,0.16,1.18,1.35,0.78,0.47,0.11,0.47,0.93,4.47,0.409,0.336,0.75
116,19,62,2019,14:59,1.45,3.55,0.87,2.23,0.44,0.61,0.32,1.45,1.77,1.55,0.44,0.05,0.6,1.55,4.21,0.409,0.391,0.711
117,199,64,2019,7:34,1.2,2.58,0.25,0.66,0.61,0.78,0.34,0.98,1.33,0.77,0.55,0.3,0.3,0.86,3.27,0.467,0.381,0.78
118,324,62,2019,18:51,3.42,7.87,0.94,3.29,1.32,1.61,0.44,2.1,2.53,1.84,0.4,0.26,1.24,1.19,9.1,0.434,0.284,0.82
119,297,50,2019,29:49,5.02,11.82,2.18,6.34,2.52,3.06,1.2,5.08,6.28,1.48,0.84,0.48,1.62,1.92,14.74,0.425,0.344,0.824
120,23,54,2019,12:43,1.57,4.52,0.35,1.24,0.65,0.98,0.28,1.59,1.87,0.96,0.43,0.04,0.69,0.96,4.15,0.348,0.284,0.66
121,261,51,2019,10:57,1.61,3.67,0.61,2.12,0.39,0.55,0.43,1.22,1.65,0.63,0.22,0.51,0.27,1.06,4.22,0.439,0.287,0.714
122,62,65,2019,30:41,4.91,11.58,1.52,4.62,1.63,2.02,1.34,4.22,5.55,1.75,0.62,0.75,1.45,2.03,12.97,0.424,0.33,0.809
123,85,43,2019,29:12,4.26,7.98,0.14,0.67,2.6,3.53,3.23,6.16,9.4,1.19,0.77,0.84,1.67,3.77,11.26,0.534,0.207,0.737
124,180,64,2019,34:32,5.75,15.05,3.41,9.14,2.98,3.64,0.64,2.64,3.28,7.38,0.97,0.23,2.83,1.8,17.89,0.382,0.373,0.82
125,666747,30,2019,10:33,1.23,2.8,0.67,1.23,0.57,0.7,0.33,0.93,1.27,0.77,0.4,0.23,0.5,1.07,3.7,0.44,0.541,0.81
126,666950,58,2019,30:19,4.62,10.16,1.48,3.97,1.52,2.33,1.0,4.45,5.45,2.12,0.9,0.78,1.6,2.72,12.24,0.455,0.374,0.652
127,666956,65,2019,25:45,4.8,12.18,2.05,5.78,1.57,1.98,0.43,3.12,3.55,2.71,0.75,0.09,1.68,1.8,13.22,0.394,0.354,0.791
128,666577,53,2019,11:29,1.77,2.53,0.0,0.0,0.6,1.13,0.98,1.02,2.0,0.4,0.25,1.06,0.55,1.85,4.15,0.701,0.0,0.533
129,115,5,2019,27:51,6.6,16.4,2.4,9.8,5.2,5.2,0.8,4.6,5.4,6.6,1.0,0.4,3.2,2.2,20.8,0.402,0.245,1.0
130,185,44,2019,27:45,2.8,7.16,0.82,2.93,1.43,1.89,0.52,5.52,6.05,6.05,1.34,0.75,2.23,2.5,7.84,0.39,0.279,0.759
131,395,63,2019,28:21,4.57,9.38,1.22,3.13,1.17,1.37,1.27,3.0,4.27,1.52,0.87,0.25,0.89,1.59,11.54,0.487,0.391,0.86
132,405,46,2019,31:33,7.83,18.39,3.43,9.39,3.5,4.33,0.37,3.46,3.83,6.2,1.04,0.28,3.22,1.87,22.59,0.426,0.366,0.809
133,282,21,2019,12:27,1.38,3.76,0.05,0.67,0.43,0.57,1.33,1.81,3.14,0.95,0.57,0.29,0.62,1.62,3.24,0.367,0.071,0.75
134,97,60,2019,19:56,3.5,6.43,0.13,0.65,2.0,2.6,1.92,4.18,6.1,1.9,0.65,1.03,1.32,2.03,9.13,0.544,0.205,0.769
135,272,49,2019,28:59,4.35,10.37,1.73,4.88,2.24,2.57,0.61,4.22,4.84,2.71,1.02,0.12,1.37,2.37,12.67,0.419,0.356,0.873
136,148,33,2019,12:40,1.36,4.06,0.39,1.18,0.76,0.88,0.27,0.97,1.24,0.94,0.33,0.36,0.76,1.24,3.88,0.336,0.333,0.862
137,428,50,2019,17:43,2.54,5.9,0.86,2.2,1.46,1.84,1.52,2.86,4.38,0.94,0.64,0.5,1.06,1.26,7.4,0.431,0.391,0.793
138,666460,45,2019,22:33,2.98,7.13,0.73,2.38,0.76,0.91,0.53,2.13,2.67,2.93,1.0,0.22,1.56,2.27,7.44,0.417,0.308,0.829
139,666831,60,2019,27:33,5.3,10.68,0.62,2.15,2.73,3.53,1.38,3.22,4.6,2.12,0.53,0.22,1.57,2.08,13.95,0.496,0.287,0.774
140,666848,61,2019,20:54,2.74,8.25,1.21,4.36,1.56,1.95,0.15,1.77,1.92,2.2,0.56,0.16,1.18,1.54,8.25,0.332,0.278,0.798
141,285,56,2019,31:46,5.84,13.0,2.61,6.98,3.34,3.91,0.96,8.8,9.77,3.18,0.59,0.34,2.52,1.61,17.63,0.449,0.373,0.854
142,21,57,2019,24:55,3.23,8.09,1.23,3.53,2.82,3.18,0.39,1.75,2.14,4.6,0.58,0.02,1.51,1.26,10.51,0.399,0.348,0.89
143,10,18,2019,21:06,1.39,4.78,0.5,2.0,1.06,1.61,1.33,3.56,4.89,1.17,1.0,0.44,0.94,1.5,4.33,0.291,0.25,0.655
144,444,57,2019,30:11,5.05,9.86,0.16,0.4,1.74,2.82,3.96,6.18,10.14,2.11,0.56,0.88,1.79,2.18,12.0,0.512,0.391,0.615
145,258,53,2019,8:43,1.11,3.15,0.85,2.47,0.38,0.64,0.08,0.7,0.77,1.3,0.19,0.06,0.72,0.75,3.45,0.353,0.344,0.588
146,460,62,2019,32:13,7.95,16.66,1.58,4.66,2.11,2.69,2.26,8.55,10.81,3.58,0.87,0.76,1.42,2.18,19.6,0.477,0.339,0.784
147,402,69,2019,27:22,4.94,12.26,2.57,7.3,2.28,2.67,0.19,3.03,3.22,1.19,1.12,0.35,1.01,1.58,14.72,0.403,0.351,0.853
148,160,66,2019,31:26,6.58,14.09,2.62,6.58,2.73,3.33,0.26,2.33,2.59,3.17,1.08,0.23,1.88,2.44,18.5,0.467,0.399,0.818
149,86,46,2019,18:06,2.41,5.65,0.48,1.63,1.72,2.07,1.0,2.22,3.22,2.37,1.07,0.48,1.13,1.89,7.02,0.427,0.293,0.832
150,123,63,2019,13:01,0.98,2.78,0.33,1.44,0.51,0.59,0.29,0.9,1.19,2.86,0.33,0.03,0.94,1.24,2.81,0.354,0.231,0.865
151,100,72,2019,23:40,5.47,12.06,2.11,5.74,1.92,2.29,0.69,1.9,2.6,1.89,0.64,0.22,1.35,1.5,14.97,0.454,0.368,0.836
152,46,72,2019,12:48,1.01,1.99,0.0,0.01,0.92,1.4,1.28,1.79,3.07,0.69,0.28,0.32,0.43,1.26,2.94,0.51,0.0,0.653
153,177,62,2019,32:31,5.4,12.37,1.18,3.82,2.44,3.61,1.73,5.95,7.68,3.68,0.82,0.63,1.61,2.02,14.42,0.437,0.308,0.674
154,340,56,2019,26:17,4.09,7.7,1.0,2.84,0.89,1.32,1.89,5.41,7.3,2.2,0.98,0.39,1.07,1.63,10.07,0.531,0.352,0.676
155,359,65,2019,29:23,4.09,9.37,1.89,4.94,0.97,1.45,0.6,2.97,3.57,2.37,0.83,0.25,1.4,2.46,11.05,0.437,0.383,0.67
156,165,72,2019,27:43,4.99,10.72,0.5,1.88,1.61,2.21,0.56,2.75,3.31,5.13,1.25,0.17,2.04,1.97,12.08,0.465,0.267,0.73
157,229,34,2019,28:49,4.59,9.76,0.94,2.76,1.76,2.26,1.71,5.09,6.79,1.41,1.56,2.29,1.44,2.44,11.88,0.47,0.34,0.779
158,230,72,2019,13:14,1.35,3.22,0.39,1.14,1.08,1.35,0.33,1.47,1.81,0.83,0.35,0.18,0.38,1.11,4.17,0.418,0.341,0.804
159,28,68,2019,12:54,1.94,4.21,0.54,1.57,0.46,0.68,1.49,2.97,4.46,0.62,0.34,1.25,0.62,1.71,4.88,0.462,0.346,0.674
160,162,50,2019,2:31,0.3,0.68,0.16,0.32,0.04,0.08,0.04,0.16,0.2,0.06,0.18,0.04,0.1,0.22,0.8,0.441,0.5,0.5
161,413,65,2019,32:57,7.89,16.72,1.49,3.92,3.48,4.11,0.95,2.2,3.15,2.95,1.02,0.11,2.43,2.18,20.75,0.472,0.38,0.846
162,666517,32,2019,1:41,0.25,0.38,0.0,0.0,0.22,0.25,0.19,0.25,0.44,0.03,0.09,0.0,0.09,0.16,0.72,0.667,0.0,0.875
163,666581,59,2019,30:54,4.75,11.83,1.78,5.02,1.07,1.22,0.44,1.42,1.86,3.88,0.69,0.07,2.54,1.56,12.34,0.401,0.355,0.875
164,666849,50,2019,23:14,3.72,8.42,1.06,3.16,1.46,2.02,0.44,2.8,3.24,2.18,0.92,0.28,1.86,2.7,9.96,0.442,0.335,0.723
165,666940,28,2019,2:33,0.32,0.46,0.07,0.14,0.0,0.04,0.11,0.57,0.68,0.07,0.07,0.14,0.11,0.29,0.71,0.692,0.5,0.0
166,29,73,2019,6:09,1.16,2.84,0.44,1.16,0.27,0.3,0.14,0.59,0.73,1.53,0.07,0.03,0.52,0.37,3.04,0.411,0.376,0.909
167,271,63,2019,5:29,0.63,1.3,0.33,0.75,0.1,0.11,0.11,0.4,0.51,0.19,0.29,0.1,0.17,0.52,1.7,0.488,0.447,0.857
168,422,68,2019,26:16,4.53,10.13,0.91,2.49,0.91,1.26,0.44,2.76,3.21,4.91,0.88,0.44,1.4,1.56,10.88,0.447,0.367,0.721
169,44,55,2019,28:46,4.82,11.09,3.64,8.58,1.89,2.22,0.64,3.82,4.45,1.67,0.67,0.6,1.07,2.53,15.16,0.434,0.424,0.852
170,440,41,2019,22:33,4.24,10.39,1.9,4.61,1.51,1.85,0.27,1.39,1.66,3.56,0.32,0.15,1.88,1.88,11.9,0.408,0.413,0.816
171,37,57,2019,36:01,10.4,22.86,2.98,8.44,6.77,8.04,0.91,3.33,4.25,6.09,1.26,0.4,3.42,2.21,30.56,0.455,0.353,0.843
172,191,71,2019,29:27,5.41,12.45,2.87,7.23,2.1,2.56,0.35,2.92,3.27,1.93,0.61,0.07,0.97,1.76,15.79,0.434,0.398,0.819
173,114,64,2019,24:37,4.44,8.97,2.27,5.02,1.25,1.52,0.41,1.84,2.25,1.94,0.59,0.14,0.97,1.77,12.39,0.495,0.452,0.825
174,310,40,2019,19:36,3.73,9.15,1.13,3.15,2.08,2.73,0.45,2.65,3.1,2.33,0.53,0.4,1.08,1.83,10.65,0.407,0.357,0.761
175,378,57,2019,31:49,6.98,16.35,2.49,7.07,3.96,4.96,1.75,7.7,9.46,1.79,0.72,2.02,1.61,3.25,20.42,0.427,0.352,0.799
176,487,73,2019,21:30,2.6,5.64,0.64,1.75,1.05,1.37,0.97,2.88,3.85,3.34,1.15,0.3,1.0,1.27,6.9,0.461,0.367,0.77
177,296,74,2019,5:42,1.64,2.84,0.05,0.23,0.58,0.77,0.89,1.77,2.66,0.27,0.11,0.14,0.42,0.76,3.91,0.576,0.235,0.754
178,158,71,2019,29:51,3.42,7.35,1.61,4.27,1.1,1.52,2.04,3.66,5.7,1.61,0.63,0.54,0.97,2.51,9.55,0.466,0.376,0.722
179,235,75,2019,13:55,1.8,4.55,0.64,2.17,0.56,0.67,0.36,1.69,2.05,0.69,0.2,0.13,0.19,0.92,4.8,0.396,0.294,0.84
180,74,47,2019,24:23,5.17,8.89,0.79,1.94,1.81,2.45,2.09,4.96,7.04,1.77,0.53,1.04,1.13,2.19,12.94,0.581,0.407,0.739
181,257,74,2019,25:31,3.2,6.95,1.61,4.31,1.07,1.26,1.51,3.74,5.26,1.19,0.34,1.14,0.78,2.38,9.08,0.461,0.373,0.849
182,73,57,2019,17:55,3.18,6.81,0.75,2.11,1.07,1.32,0.39,1.96,2.35,3.3,0.39,0.07,1.16,1.3,8.18,0.466,0.358,0.813
183,462,45,2019,18:33,3.22,5.91,0.56,1.78,1.73,2.11,1.24,3.62,4.87,1.24,0.62,0.42,1.47,3.38,8.73,0.545,0.312,0.821
184,132,61,2019,33:33,9.52,20.56,2.8,8.87,6.98,9.21,1.28,8.11,9.39,8.82,0.98,0.23,4.28,2.51,28.84,0.463,0.316,0.758
185,666609,48,2019,30:04,5.29,11.35,0.52,1.81,2.42,2.92,1.63,4.5,6.13,1.81,0.77,0.17,1.1,2.19,13.52,0.466,0.287,0.829
186,56,71,2019,17:35,1.66,3.3,0.35,1.0,0.97,1.2,1.0,2.14,3.14,1.07,0.63,0.31,0.8,2.2,4.65,0.504,0.352,0.812
187,50661,39,2019,10:16,1.41,3.59,0.69,1.85,0.13,0.13,0.23,1.13,1.36,2.13,0.54,0.1,0.82,0.95,3.64,0.393,0.375,1.0
188,666871,24,2019,2:01,0.21,0.5,0.13,0.21,0.0,0.0,0.04,0.17,0.21,0.29,0.0,0.04,0.13,0.08,0.54,0.417,0.6,0.0
189,666873,9,2019,1:16,0.0,0.11,0.0,0.0,0.0,0.0,0.0,0.22,0.22,0.0,0.0,0.0,0.11,0.11,0.0,0.0,0.0,0.0
190,666885,44,2019,8:22,0.8,2.07,0.43,1.36,0.23,0.34,0.16,0.91,1.07,0.34,0.18,0.09,0.16,1.14,2.25,0.385,0.317,0.667
191,666754,19,2019,11:58,1.26,2.95,1.0,2.42,1.63,1.79,0.32,0.95,1.26,0.53,0.42,0.05,0.42,1.68,5.16,0.429,0.413,0.912
192,20,54,2019,27:37,2.63,6.0,1.43,3.83,1.15,1.37,0.63,3.93,4.56,1.69,1.28,0.3,1.04,2.06,7.83,0.438,0.372,0.838
193,404,65,2019,31:01,4.42,10.65,1.2,3.32,3.0,3.48,0.71,3.97,4.68,8.77,1.43,0.17,2.66,2.57,13.03,0.415,0.361,0.863
194,49,72,2019,27:55,4.36,9.08,1.86,4.46,0.96,1.17,1.53,4.82,6.35,2.82,0.85,0.56,1.36,3.0,11.54,0.48,0.417,0.821
195,251,72,2019,24:25,2.38,5.72,0.78,2.21,0.83,0.97,0.61,2.0,2.61,3.49,0.74,0.29,1.11,1.85,6.36,0.415,0.352,0.857
196,30,72,2019,34:27,5.07,11.0,1.42,3.72,2.97,3.71,1.07,3.86,4.93,2.22,0.6,0.17,1.22,1.29,14.53,0.461,0.381,0.801
197,35,48,2019,19:27,3.81,7.96,1.23,3.5,1.17,1.56,1.52,3.48,5.0,1.4,0.21,0.48,1.04,2.94,10.02,0.479,0.351,0.747
198,120,56,2019,13:48,1.82,4.55,0.39,1.91,0.54,0.64,1.07,3.38,4.45,0.39,0.45,0.73,1.02,2.38,4.57,0.4,0.206,0.833
199,407,66,2019,24:43,3.88,8.15,1.27,3.56,1.64,1.94,1.52,4.64,6.15,1.86,0.56,0.24,1.33,2.36,10.67,0.476,0.357,0.844
200,53,61,2019,28:56,5.52,12.56,2.69,7.23,1.41,1.9,0.43,2.97,3.39,3.39,1.07,0.25,1.66,2.18,15.15,0.44,0.372,0.741
201,244,55,2019,12:53,1.76,4.55,0.69,2.16,0.76,0.91,0.33,1.07,1.4,1.35,0.29,0.16,0.53,1.05,4.98,0.388,0.319,0.84
202,217,44,2019,28:12,5.07,7.84,0.0,0.0,2.11,2.68,2.89,5.25,8.14,0.95,0.93,1.27,1.18,3.84,12.25,0.646,0.0,0.788
203,360,56,2019,34:31,6.66,14.75,1.93,5.48,3.43,4.39,1.2,5.27,6.46,1.52,1.25,0.71,1.48,3.43,18.68,0.452,0.352,0.78
204,252,41,2019,18:57,3.37,7.49,1.0,3.02,1.49,2.2,0.85,3.44,4.29,1.83,0.37,0.24,0.9,1.83,9.22,0.45,0.331,0.678
205,57,70,2019,35:52,8.96,18.34,2.01,5.69,6.69,7.27,0.41,3.81,4.23,6.51,0.69,0.26,3.79,3.04,26.61,0.488,0.354,0.919
206,210,72,2019,30:46,6.92,16.15,3.76,9.56,1.6,1.89,0.81,3.76,4.57,2.96,0.93,0.24,2.33,2.29,19.19,0.428,0.394,0.846
207,127,72,2019,6:38,1.28,1.97,0.01,0.04,0.47,0.54,0.43,1.39,1.82,0.31,0.15,0.17,0.44,0.76,3.04,0.648,0.333,0.872
208,157,72,2019,7:21,1.1,2.61,0.33,1.1,0.5,0.58,0.08,0.6,0.68,0.96,0.25,0.06,0.39,0.53,3.03,0.42,0.304,0.857
209,161,51,2019,32:02,7.67,15.98,1.06,3.63,4.73,6.71,0.69,3.16,3.84,6.8,1.45,0.49,3.12,2.84,21.12,0.48,0.292,0.705
210,433,50,2019,5:45,0.56,0.94,0.0,0.04,0.18,0.34,0.54,1.46,2.0,0.62,0.06,0.14,0.74,1.24,1.3,0.596,0.0,0.529
211,24,13,2019,25:41,6.0,12.85,0.31,1.69,1.92,2.38,2.23,5.23,7.46,0.77,0.46,0.92,1.38,3.31,14.23,0.467,0.182,0.806
212,61,73,2019,27:58,3.38,6.63,0.96,2.66,1.41,1.67,0.9,3.1,4.0,1.77,1.44,0.63,1.0,2.23,9.14,0.51,0.361,0.844
213,87,73,2019,12:56,1.38,3.33,0.85,2.0,0.32,0.37,0.41,1.21,1.62,1.15,0.62,0.23,0.42,1.18,3.93,0.416,0.425,0.852
214,22,53,2019,23:19,5.85,10.72,0.06,0.25,1.26,1.68,2.77,5.45,8.23,1.36,0.47,1.09,1.51,2.21,13.02,0.546,0.231,0.753
215,355,70,2019,10:15,1.03,2.59,0.36,1.01,0.71,1.01,0.23,1.06,1.29,1.64,0.36,0.06,0.54,0.77,3.13,0.398,0.352,0.704
216,166,61,2019,3:51,0.34,0.79,0.1,0.33,0.25,0.36,0.34,0.51,0.85,0.13,0.18,0.11,0.26,0.64,1.03,0.437,0.3,0.682
217,666616,6,2019,1:18,0.17,0.67,0.0,0.33,0.0,0.0,0.0,0.0,0.0,0.0,0.0,0.0,0.0,0.0,0.33,0.25,0.0,0.0
218,94,67,2019,3:16,0.21,0.27,0.0,0.0,0.09,0.19,0.37,0.61,0.99,0.09,0.09,0.12,0.12,0.48,0.51,0.778,0.0,0.462
219,262,59,2019,16:15,2.14,4.97,1.68,4.02,0.59,0.69,0.25,1.81,2.07,1.15,0.42,0.2,0.83,1.32,6.54,0.43,0.418,0.854
220,225,70,2019,14:05,2.09,4.47,0.71,1.96,1.03,1.24,0.89,3.41,4.3,0.7,0.34,0.24,0.49,1.36,5.91,0.466,0.365,0.828
221,411,60,2019,7:15,0.62,1.52,0.25,0.9,0.05,0.13,0.35,1.2,1.55,0.42,0.4,0.2,0.25,0.72,1.53,0.407,0.278,0.375
222,450,72,2019,34:16,2.46,5.92,1.49,4.15,0.54,0.67,1.56,5.04,6.6,1.6,1.08,0.53,1.0,3.18,6.94,0.415,0.358,0.813
223,472,57,2019,35:56,10.6,22.47,0.96,3.74,5.09,6.67,1.75,6.18,7.93,7.04,1.65,0.35,4.47,3.51,27.25,0.472,0.258,0.763
224,178,36,2019,28:13,4.75,12.86,2.67,8.42,2.28,2.97,0.25,1.72,1.97,1.5,0.64,0.33,1.19,1.94,14.44,0.369,0.317,0.766
225,283,69,2019,26:19,4.23,9.72,1.48,4.71,1.84,2.2,0.84,3.68,4.52,1.43,0.67,2.36,1.01,2.36,11.78,0.435,0.314,0.836
226,284,69,2019,13:52,2.13,4.33,0.51,1.52,0.41,0.77,0.81,1.52,2.33,0.65,0.14,0.65,0.91,1.39,5.17,0.492,0.333,0.528
227,13,13,2019,1:04,0.15,0.54,0.08,0.38,0.0,0.0,0.0,0.54,0.54,0.15,0.08,0.0,0.08,0.08,0.38,0.286,0.2,0.0
228,211,59,2019,21:32,3.29,6.37,1.37,2.98,1.44,1.71,0.85,2.15,3.0,3.05,0.8,0.08,0.97,1.42,9.39,0.516,0.46,0.842
229,192,68,2019,36:30,9.88,22.26,4.4,12.4,10.18,11.76,1.01,5.53,6.54,7.53,1.84,0.88,4.49,3.34,34.34,0.444,0.355,0.865
230,301,67,2019,24:23,2.49,6.3,1.61,4.43,0.78,1.01,0.33,2.15,2.48,1.37,0.55,0.13,0.64,1.54,7.37,0.396,0.364,0.765
231,51,61,2019,26:59,5.48,11.56,1.21,3.52,2.77,3.51,0.74,3.95,4.69,5.38,0.92,0.44,2.43,2.1,14.93,0.474,0.344,0.79
232,393,68,2019,23:26,3.1,7.37,1.41,3.97,1.15,1.63,0.4,2.18,2.57,1.66,0.72,0.16,0.74,1.9,8.76,0.421,0.356,0.703
233,315,63,2019,29:24,7.48,15.03,2.33,5.62,3.3,3.6,0.7,5.37,6.06,4.21,0.84,0.11,2.16,2.25,20.59,0.497,0.415,0.916
234,309,71,2019,22:48,3.41,7.68,2.55,6.37,0.7,0.94,0.3,1.9,2.2,0.82,0.65,0.23,0.7,2.18,10.07,0.444,0.4,0.746
235,15,64,2019,29:56,10.7,19.34,1.39,4.58,6.22,9.83,2.19,11.19,13.38,5.53,0.97,1.03,3.59,3.05,29.02,0.553,0.304,0.633
236,83,39,2019,32:48,6.26,9.95,0.0,0.0,1.41,2.67,4.31,9.46,13.77,1.23,0.87,1.79,1.62,2.62,13.92,0.629,0.0,0.529
237,105,69,2019,18:00,1.99,4.36,0.8,2.41,0.45,0.58,0.86,3.25,4.1,1.55,0.36,0.46,0.74,1.01,5.22,0.455,0.331,0.775
238,2175,63,2019,30:21,3.65,8.56,2.05,5.63,1.16,1.43,0.87,3.33,4.21,1.35,1.06,0.54,0.84,2.1,10.51,0.427,0.363,0.811
239,484,67,2019,5:24,0.78,1.97,0.27,1.09,0.16,0.27,0.18,1.19,1.37,0.37,0.04,0.07,0.28,0.49,1.99,0.394,0.247,0.611
240,72,69,2019,11:06,1.38,3.71,0.64,1.97,0.46,0.58,0.45,2.2,2.65,0.74,0.42,0.1,0.61,0.78,3.86,0.371,0.324,0.8
241,131,70,2019,21:43,3.31,7.29,1.19,3.53,0.9,1.23,0.94,3.6,4.54,2.2,1.23,0.3,1.29,1.61,8.71,0.455,0.336,0.733
242,98,59,2019,9:35,0.92,2.25,0.66,1.88,0.15,0.17,0.63,1.24,1.86,0.29,0.1,0.37,0.17,0.78,2.64,0.406,0.351,0.9
243,666509,63,2019,4:36,0.9,2.25,0.59,1.7,0.16,0.17,0.06,0.41,0.48,0.43,0.13,0.08,0.3,0.41,2.56,0.401,0.346,0.909
244,95,40,2019,18:21,1.85,4.58,0.93,3.03,0.5,0.58,0.3,3.35,3.65,0.98,0.4,0.3,0.85,1.98,5.13,0.404,0.306,0.87
245,250,56,2019,22:02,3.41,5.13,0.0,0.0,1.48,2.18,2.52,7.5,10.02,1.88,0.32,0.93,1.32,2.04,8.3,0.666,0.0,0.68
246,173,65,2019,15:46,2.57,4.4,0.06,0.22,0.63,0.86,1.71,2.4,4.11,0.8,0.42,0.46,0.71,1.88,5.83,0.584,0.286,0.732
247,144,56,2019,9:58,1.09,3.11,0.89,2.55,0.2,0.23,0.07,1.09,1.16,0.79,0.23,0.07,0.32,0.73,3.27,0.351,0.35,0.846
248,436,62,2019,27:53,3.58,9.47,2.05,6.23,1.13,1.4,0.47,3.05,3.52,2.52,0.79,0.47,1.0,1.74,10.34,0.378,0.329,0.805
249,228,20,2019,32:53,9.95,20.8,2.8,7.1,4.7,5.1,1.1,4.05,5.15,6.4,1.35,0.5,2.6,2.65,27.4,0.478,0.394,0.922
250,328,63,2019,30:43,5.63,12.86,2.25,5.52,2.87,3.49,0.94,4.0,4.94,1.37,0.75,0.48,1.54,2.86,16.4,0.438,0.408,0.823
251,369,46,2019,27:05,4.2,9.57,0.3,1.5,1.07,1.87,1.11,3.48,4.59,7.02,1.54,0.37,2.09,1.93,9.76,0.439,0.203,0.57
252,130,64,2019,31:09,6.63,15.94,1.92,6.25,5.42,6.97,0.5,2.95,3.45,6.75,0.63,0.33,2.72,2.81,20.59,0.416,0.308,0.778
253,197,69,2019,30:45,5.52,11.36,2.49,5.88,0.93,1.29,0.93,3.39,4.32,2.09,0.59,0.25,1.52,2.3,14.46,0.486,0.424,0.719
254,387,64,2019,32:30,7.23,15.69,1.0,3.61,4.03,5.5,2.36,7.36,9.72,3.09,0.8,0.34,3.05,2.78,19.5,0.461,0.277,0.733
255,377,66,2019,21:06,4.02,8.92,1.02,2.83,1.08,1.41,1.21,3.91,5.12,1.48,0.5,0.27,1.11,1.67,10.12,0.45,0.358,0.763
256,277,45,2019,29:33,6.91,16.27,1.78,4.89,3.11,4.38,1.09,3.09,4.18,4.42,1.18,0.22,2.62,1.8,18.71,0.425,0.364,0.711
257,383,64,2019,29:01,4.34,11.55,2.28,6.73,1.11,1.39,0.78,5.17,5.95,1.81,0.89,0.39,1.98,2.48,12.08,0.376,0.339,0.798
258,350,28,2019,9:35,1.32,2.54,0.43,1.0,0.64,0.96,0.29,1.32,1.61,0.29,0.39,0.43,0.29,1.14,3.71,0.521,0.429,0.667
259,421,39,2019,13:46,1.85,5.41,0.41,1.38,0.69,1.36,0.54,1.46,2.0,2.51,0.72,0.21,1.49,1.67,4.79,0.341,0.296,0.509
260,347,59,2019,20:06,2.22,5.64,0.75,2.32,0.86,1.0,0.37,1.66,2.03,2.92,0.92,0.27,1.2,2.41,6.05,0.393,0.321,0.864
261,9,70,2019,26:27,4.31,6.64,0.0,0.09,2.44,3.86,3.09,6.5,9.59,1.57,0.57,1.31,1.1,2.31,11.07,0.649,0.0,0.633
262,134,65,2019,12:51,1.85,4.46,0.91,2.51,0.34,0.51,0.15,1.25,1.4,0.88,0.35,0.06,0.32,0.68,4.94,0.414,0.362,0.667
263,259,66,2019,17:40,2.18,6.08,0.98,3.02,1.0,1.53,0.42,2.36,2.79,0.92,0.35,0.42,0.68,1.61,6.35,0.359,0.327,0.653
264,399,61,2019,23:09,4.15,5.59,0.0,0.0,1.38,2.43,3.05,3.97,7.02,0.59,0.85,1.95,0.61,3.18,9.67,0.742,0.0,0.568
265,449,57,2019,5:06,0.89,1.86,0.33,0.93,0.6,0.75,0.11,0.42,0.53,0.49,0.05,0.07,0.4,0.51,2.72,0.481,0.358,0.791
266,370,57,2019,6:24,0.79,2.72,0.26,1.4,0.26,0.28,0.18,0.77,0.95,0.98,0.3,0.07,0.58,0.61,2.11,0.29,0.188,0.937
267,336,57,2019,8:32,1.12,3.02,0.33,1.37,0.79,1.05,0.37,1.14,1.51,0.75,0.26,0.02,0.63,0.53,3.37,0.372,0.244,0.75
268,264,66,2019,10:21,1.2,2.68,0.5,1.36,0.36,0.58,0.38,1.7,2.08,0.77,0.38,0.08,0.7,1.36,3.26,0.446,0.367,0.632
269,666423,56,2019,30:26,5.21,12.96,1.13,3.52,2.79,4.54,0.89,4.11,5.0,2.55,0.95,0.3,2.23,2.18,14.34,0.402,0.32,0.614
270,286,58,2019,36:10,5.76,13.84,2.83,8.03,5.07,5.91,0.55,4.48,5.03,7.47,1.41,0.45,3.07,3.28,19.41,0.416,0.352,0.857
271,169,44,2019,26:23,2.7,6.34,1.3,3.36,0.82,1.11,0.7,5.52,6.23,3.34,0.77,0.86,1.34,2.82,7.52,0.427,0.385,0.735
272,223,55,2019,26:59,6.24,12.18,1.27,3.31,1.62,2.25,2.07,6.15,8.22,1.4,0.51,0.84,1.98,2.78,15.36,0.512,0.385,0.718
273,204,52,2019,33:27,6.73,13.46,1.63,4.27,2.38,2.79,1.06,5.63,6.69,4.08,0.73,0.42,1.85,1.85,17.48,0.5,0.383,0.855
274,465,56,2019,31:06,6.75,15.88,3.21,8.45,3.73,4.32,0.64,3.21,3.86,4.79,0.86,0.5,2.09,1.63,20.45,0.425,0.381,0.864
275,468,72,2019,19:00,2.25,5.03,0.51,1.42,1.75,1.89,0.31,1.69,2.0,2.49,0.83,0.21,1.06,1.85,6.76,0.448,0.363,0.926
276,420,60,2019,31:59,4.27,11.37,2.28,6.58,2.12,2.53,0.7,3.05,3.75,4.85,1.67,0.48,1.73,2.7,12.93,0.375,0.347,0.836
277,243,55,2019,2:43,0.4,1.07,0.13,0.44,0.16,0.29,0.13,0.55,0.67,0.36,0.11,0.07,0.27,0.29,1.09,0.373,0.292,0.563
278,380,52,2019,28:26,5.69,11.46,2.1,5.25,2.48,2.94,0.5,3.13,3.63,1.75,1.15,0.4,1.5,2.08,15.96,0.497,0.399,0.843
279,2215,61,2019,2:39,0.2,0.48,0.13,0.36,0.05,0.13,0.03,0.23,0.26,0.18,0.08,0.03,0.07,0.3,0.57,0.414,0.364,0.375
280,70,57,2019,33:55,7.49,15.56,2.26,5.93,3.09,4.26,1.09,5.3,6.39,2.07,1.16,0.35,2.19,2.93,20.33,0.481,0.382,0.724
281,416,60,2019,35:10,8.33,18.4,2.18,6.08,4.0,5.05,1.07,6.25,7.32,3.45,1.02,0.88,2.47,2.82,22.85,0.453,0.359,0.792
282,458,54,2019,35:42,5.91,14.31,2.7,6.93,3.11,3.67,0.31,3.44,3.76,6.61,1.8,0.31,2.2,2.44,17.63,0.413,0.39,0.848
283,434,66,2019,34:18,8.36,18.59,2.86,7.11,3.85,4.74,0.97,6.02,6.98,3.03,1.44,0.85,2.33,2.06,23.44,0.45,0.403,0.812
284,18,69,2019,29:56,4.14,8.2,1.29,3.3,1.04,1.48,1.16,4.12,5.28,1.57,1.41,0.65,1.14,2.42,10.62,0.505,0.39,0.706
285,353,72,2019,14:02,1.11,2.72,0.67,1.76,0.39,0.44,0.36,1.65,2.01,0.51,0.29,0.07,0.26,1.11,3.28,0.408,0.378,0.875
286,58,71,2019,11:31,1.99,4.21,0.54,1.66,1.28,1.63,1.51,2.39,3.9,0.35,0.32,0.87,0.39,1.61,5.79,0.472,0.322,0.784
287,439,65,2019,24:05,3.71,6.55,0.49,1.48,1.34,1.75,2.14,4.4,6.54,1.71,0.57,1.29,0.83,3.37,9.25,0.566,0.333,0.763
288,666551,55,2019,6:22,0.76,2.33,0.44,1.38,0.24,0.35,0.11,0.75,0.85,0.44,0.22,0.07,0.27,0.62,2.2,0.328,0.316,0.684
289,666530,72,2019,16:47,2.76,6.06,1.31,3.36,0.71,0.82,0.69,2.6,3.29,1.6,0.54,0.19,1.06,1.72,7.54,0.456,0.388,0.864
290,476,33,2019,11:44,1.94,2.67,0.0,0.0,0.67,1.03,1.21,2.67,3.88,0.82,0.7,1.06,0.61,1.55,4.55,0.727,0.0,0.647
291,666630,15,2019,1:52,0.33,0.93,0.07,0.13,0.2,0.33,0.33,0.6,0.93,0.2,0.07,0.0,0.2,0.4,0.93,0.357,0.5,0.6
292,666965,72,2019,14:29,1.21,2.93,0.33,1.33,0.54,0.75,0.82,1.64,2.46,0.94,0.43,0.49,0.69,2.26,3.29,0.412,0.25,0.722
293,666846,45,2019,2:53,0.38,0.8,0.02,0.04,0.13,0.16,0.29,0.67,0.96,0.18,0.04,0.2,0.18,0.56,0.91,0.472,0.5,0.857
294,666919,52,2019,8:27,1.4,2.88,0.9,1.9,0.17,0.23,0.17,1.0,1.17,0.42,0.19,0.02,0.31,0.73,3.88,0.487,0.475,0.75
295,666604,67,2019,6:58,0.94,1.88,0.13,0.49,0.42,0.63,0.36,1.03,1.39,0.39,0.36,0.12,0.34,0.64,2.43,0.5,0.273,0.667
296,219,67,2019,30:13,4.76,10.58,1.48,4.22,0.91,1.19,1.54,5.27,6.81,4.03,0.81,0.91,1.19,2.12,11.91,0.45,0.35,0.762
297,200,72,2019,34:17,7.68,16.29,1.82,4.96,2.4,2.99,0.96,5.92,6.88,3.15,0.72,0.56,1.44,2.29,19.58,0.471,0.367,0.805
298,410,70,2019,17:14,2.13,5.0,1.14,3.1,0.43,0.53,0.94,2.61,3.56,0.8,0.31,0.07,0.37,1.37,5.83,0.426,0.369,0.811
299,352,63,2019,4:57,0.67,1.35,0.11,0.43,0.17,0.32,0.54,1.3,1.84,0.81,0.11,0.38,0.32,0.59,1.62,0.494,0.259,0.55
300,76,56,2019,9:17,1.68,3.73,0.57,1.34,0.41,0.52,0.27,0.61,0.88,1.48,0.29,0.04,0.38,0.59,4.34,0.45,0.427,0.793
301,146,70,2019,18:04,2.29,5.13,0.79,2.41,1.13,1.4,1.01,2.49,3.5,0.9,0.49,0.33,0.81,1.96,6.49,0.446,0.325,0.806
302,343,73,2019,9:08,1.38,3.03,0.47,1.21,0.53,0.64,0.15,0.68,0.84,1.3,0.33,0.08,0.64,0.68,3.77,0.457,0.386,0.83
303,666837,46,2019,5:02,0.54,1.04,0.0,0.02,0.15,0.3,0.43,1.13,1.57,0.17,0.07,0.65,0.39,1.2,1.24,0.521,0.0,0.5
304,391,55,2019,30:47,5.05,11.75,1.55,4.53,2.07,2.56,0.75,2.44,3.18,2.95,0.95,0.65,1.89,2.47,13.73,0.43,0.341,0.809
305,417,57,2019,35:22,6.58,11.37,0.04,0.12,3.25,5.23,2.0,5.81,7.81,7.98,2.11,0.58,3.51,3.26,16.44,0.579,0.286,0.621
306,260,72,2019,21:38,3.36,7.83,1.99,4.94,1.07,1.42,0.25,2.08,2.33,1.1,0.57,0.22,0.82,1.36,9.78,0.429,0.402,0.755
307,320,58,2019,13:53,2.31,4.78,1.0,2.33,0.88,1.12,0.26,1.26,1.52,1.79,0.33,0.12,0.81,1.59,6.5,0.484,0.43,0.785
308,666454,24,2019,2:12,0.21,0.83,0.08,0.42,0.0,0.0,0.0,0.17,0.17,0.33,0.04,0.0,0.08,0.25,0.5,0.25,0.2,0.0
309,666923,66,2019,19:30,1.7,4.02,0.85,2.38,0.38,0.62,0.67,0.95,1.62,1.2,1.41,0.71,0.77,2.14,4.62,0.423,0.357,0.61
310,435,58,2019,24:51,3.57,8.28,0.72,1.95,2.88,3.29,0.45,1.97,2.41,5.21,0.72,0.33,1.98,1.79,10.74,0.431,0.372,0.874
311,129,71,2019,15:26,2.34,5.13,0.76,2.14,1.1,1.42,1.28,3.7,4.99,1.03,0.72,0.83,0.85,1.75,6.54,0.456,0.355,0.772
312,108,70,2019,30:31,4.36,10.33,2.3,6.86,1.41,1.77,0.91,5.7,6.61,1.26,1.61,1.33,1.47,3.14,12.43,0.422,0.335,0.798
313,341,56,2019,24:00,3.36,8.14,1.36,4.29,2.25,2.73,0.46,2.38,2.84,4.68,1.23,0.2,2.29,1.8,10.32,0.412,0.317,0.824
314,459,62,2019,6:05,0.84,1.48,0.05,0.24,0.4,0.52,0.6,1.4,2.0,0.45,0.18,0.1,0.32,0.65,2.13,0.565,0.2,0.781
315,475,54,2019,34:25,8.09,18.11,2.06,6.19,3.52,4.96,1.22,3.83,5.06,3.67,0.83,0.96,2.43,2.35,21.76,0.447,0.332,0.709
316,447,38,2019,31:13,8.32,16.37,3.0,7.29,4.74,5.95,2.5,7.47,9.97,4.03,0.89,1.11,2.89,3.08,24.37,0.508,0.412,0.796
317,181,62,2019,14:59,1.4,3.92,0.53,1.94,0.58,0.9,0.84,1.6,2.44,0.73,0.39,0.1,0.47,1.65,3.92,0.358,0.275,0.643
318,269,23,2019,21:57,3.52,7.78,1.04,3.13,1.04,1.39,0.74,1.74,2.48,0.65,0.74,0.39,1.04,2.04,9.13,0.453,0.333,0.75
319,41,53,2019,4:50,0.66,1.26,0.08,0.23,0.36,0.58,0.57,0.98,1.55,0.3,0.06,0.19,0.4,0.36,1.75,0.522,0.333,0.613
320,666748,57,2019,15:50,1.56,3.63,0.32,1.35,0.74,1.14,0.67,2.11,2.77,1.68,0.68,0.16,0.77,1.37,4.18,0.43,0.234,0.646
321,356,62,2019,24:57,2.74,6.42,0.66,2.48,2.45,3.08,1.39,2.92,4.31,1.6,1.1,0.42,1.39,2.24,8.6,0.427,0.266,0.796
322,666751,33,2019,14:59,2.15,5.48,0.76,2.91,0.91,0.94,0.36,2.55,2.91,0.7,0.21,0.27,0.61,1.55,5.97,0.392,0.26,0.968
323,666523,63,2019,23:53,3.65,9.03,1.05,3.51,0.86,1.86,1.11,2.27,3.38,1.75,0.89,0.62,1.3,1.98,9.21,0.404,0.299,0.462
324,666762,18,2019,16:17,1.83,3.89,0.5,1.33,0.78,0.94,0.83,2.78,3.61,0.72,0.44,0.17,0.67,2.0,4.94,0.471,0.375,0.824
325,389,63,2019,25:05,4.54,10.02,2.86,6.3,2.62,2.94,0.16,2.24,2.4,1.89,0.32,0.17,1.19,1.52,14.56,0.453,0.453,0.892
326,214,61,2019,34:42,7.51,16.48,2.0,5.67,2.11,2.98,1.28,3.54,4.82,6.69,1.62,0.8,3.07,2.38,19.13,0.456,0.353,0.709
327,153,55,2019,22:33,3.8,6.15,0.02,0.13,0.73,1.29,2.96,6.11,9.07,1.47,0.55,0.82,1.0,1.95,8.35,0.618,0.143,0.563
328,326,72,2019,14:09,2.58,6.07,0.88,2.32,0.43,0.63,0.43,1.39,1.82,1.08,0.44,0.15,0.56,1.11,6.47,0.426,0.377,0.689
329,354,58,2019,8:02,1.74,2.79,0.02,0.05,0.69,1.07,0.83,1.36,2.19,0.64,0.12,0.38,0.66,1.16,4.19,0.623,0.333,0.645
330,227,62,2019,33:55,8.18,17.68,2.42,6.19,5.05,5.94,0.82,5.29,6.11,4.18,0.98,0.6,3.03,2.89,23.82,0.463,0.391,0.851
331,27,65,2019,31:09,4.26,10.57,2.28,6.08,0.66,1.17,1.09,4.78,5.88,6.69,1.37,0.58,2.95,1.97,11.46,0.403,0.375,0.566
332,233,71,2019,11:13,1.89,4.66,0.66,2.03,0.79,1.06,0.31,0.86,1.17,0.86,0.24,0.06,0.69,1.08,5.23,0.405,0.326,0.747
333,202,65,2019,27:00,3.46,8.2,1.86,5.46,1.31,1.77,0.94,5.62,6.55,1.71,0.97,0.35,1.15,2.46,10.09,0.422,0.341,0.739
334,480,45,2019,18:29,1.13,3.24,0.56,2.16,0.2,0.58,1.16,3.07,4.22,1.27,0.6,0.47,0.49,1.96,3.02,0.349,0.258,0.346
335,64,23,2019,7:49,0.96,2.57,0.87,2.22,0.3,0.35,0.22,1.65,1.87,0.48,0.22,0.17,0.26,0.65,3.09,0.373,0.392,0.875
336,666626,72,2019,15:01,2.42,3.61,0.01,0.06,1.71,2.64,1.38,2.25,3.63,0.78,0.36,0.78,0.74,2.24,6.56,0.669,0.25,0.647
337,666400,67,2019,8:49,1.46,3.97,0.69,1.99,0.37,0.55,0.13,1.12,1.25,1.33,0.25,0.12,0.81,0.85,3.99,0.368,0.346,0.676
338,667302,72,2019,14:28,1.89,4.49,0.96,2.86,0.75,1.01,0.53,1.97,2.5,1.14,0.47,0.32,0.64,1.72,5.49,0.421,0.335,0.74
339,466,21,2019,7:38,0.67,2.1,0.05,0.71,0.52,0.81,0.14,0.9,1.05,0.62,0.33,0.05,0.48,0.9,1.9,0.318,0.067,0.647
340,455,71,2019,25:59,6.08,10.44,0.45,1.28,2.08,2.82,3.03,8.11,11.14,1.85,0.44,1.08,1.79,2.61,14.7,0.583,0.352,0.74
341,112,66,2019,28:24,3.42,8.53,2.05,5.97,1.47,1.89,0.79,5.03,5.82,2.44,1.09,0.36,1.05,2.17,10.36,0.401,0.343,0.776
342,212,72,2019,15:06,1.53,3.85,0.88,2.36,0.56,0.75,0.4,1.89,2.29,1.44,0.6,0.17,0.71,1.18,4.49,0.397,0.371,0.741
343,12,67,2019,19:50,2.34,4.94,0.36,1.27,0.78,1.16,0.87,3.39,4.25,2.42,0.78,0.55,0.99,1.66,5.82,0.474,0.282,0.667
344,2099,54,2019,4:31,0.7,1.65,0.11,0.61,0.15,0.17,0.43,0.69,1.11,0.22,0.28,0.31,0.24,0.57,1.67,0.427,0.182,0.889
345,249,65,2019,18:57,3.03,6.6,0.72,1.91,0.66,0.89,0.14,1.43,1.57,4.38,0.91,0.09,0.86,0.68,7.45,0.459,0.379,0.741
346,66,73,2019,28:55,5.96,14.62,2.01,5.64,2.25,2.78,0.93,2.4,3.33,2.05,0.88,0.37,1.68,3.81,16.18,0.408,0.357,0.808
347,8,38,2019,18:54,3.08,6.61,1.5,3.71,1.03,1.18,0.21,2.03,2.24,1.37,0.29,0.05,0.87,1.39,8.68,0.466,0.404,0.867
348,231,58,2019,27:57,6.09,12.98,2.5,6.34,2.4,3.21,0.95,3.57,4.52,1.34,0.66,1.59,1.71,4.0,17.07,0.469,0.394,0.747
349,313,71,2019,16:26,2.27,5.65,0.56,1.97,1.31,1.7,0.61,2.49,3.1,2.46,1.08,0.28,1.18,1.54,6.41,0.401,0.286,0.769
350,666786,67,2019,30:57,6.67,13.99,0.9,2.67,3.57,4.6,0.76,3.1,3.87,7.28,0.88,0.27,3.28,1.64,17.81,0.477,0.335,0.776
351,666505,58,2019,22:24,5.1,8.22,0.4,1.1,1.47,1.93,1.57,4.36,5.93,1.4,0.57,0.83,0.95,1.72,12.07,0.621,0.359,0.759
352,666607,72,2019,6:42,0.86,2.18,0.35,1.15,0.33,0.36,0.19,0.82,1.01,0.63,0.17,0.11,0.5,0.47,2.4,0.395,0.301,0.923
353,203,68,2019,0:38,0.06,0.16,0.01,0.04,0.04,0.06,0.01,0.22,0.24,0.01,0.0,0.0,0.01,0.09,0.18,0.364,0.333,0.75
354,136,60,2019,27:42,5.32,12.07,2.07,5.63,3.18,4.1,0.48,2.63,3.12,5.02,0.67,0.17,2.42,2.07,15.88,0.441,0.367,0.776
355,275,57,2019,18:08,2.09,4.11,0.93,2.25,0.32,0.49,0.51,4.02,4.53,0.96,0.25,0.26,0.68,1.88,5.42,0.509,0.414,0.643
356,358,73,2019,17:48,2.52,5.45,1.3,3.21,1.18,1.37,0.6,3.58,4.18,1.59,0.62,0.32,0.97,2.37,7.52,0.462,0.406,0.86
357,485,12,2019,29:21,4.17,10.75,0.5,2.25,1.5,2.25,1.33,4.75,6.08,3.67,0.67,0.42,2.0,3.17,10.33,0.388,0.222,0.667
358,247,61,2019,22:32,3.02,5.72,0.61,2.16,1.56,2.02,1.08,2.74,3.82,1.02,0.97,0.61,0.49,2.13,8.2,0.527,0.28,0.772
359,4,72,2019,33:33,6.11,10.99,0.03,0.19,3.67,5.31,2.46,7.78,10.24,5.11,1.14,1.29,2.82,2.53,15.92,0.556,0.143,0.691
360,397,73,2019,29:39,4.42,9.41,3.7,8.3,0.92,0.99,0.14,3.04,3.18,1.4,0.47,0.26,0.95,2.64,13.47,0.47,0.446,0.931
361,292,11,2019,1:16,0.09,0.27,0.09,0.18,0.0,0.0,0.0,0.0,0.0,0.09,0.0,0.0,0.18,0.09,0.27,0.333,0.5,0.0
362,50927,67,2019,29:17,5.99,13.64,2.04,5.84,1.27,1.49,0.31,2.37,2.69,3.28,0.84,0.22,1.7,2.27,15.28,0.439,0.35,0.85
363,666633,56,2019,26:55,4.82,11.27,2.07,5.32,1.55,1.79,0.29,3.71,4.0,2.16,0.61,0.16,1.55,1.36,13.27,0.428,0.389,0.87
364,666821,8,2019,3:14,0.38,0.63,0.0,0.13,0.13,0.25,0.13,0.5,0.63,0.13,0.25,0.13,0.13,0.25,0.88,0.6,0.0,0.5
365,666894,68,2019,5:05,0.71,1.15,0.0,0.04,0.54,0.81,0.88,0.97,1.85,0.34,0.13,0.31,0.49,1.25,1.96,0.615,0.0,0.673
366,666560,14,2019,2:19,0.79,1.0,0.0,0.0,0.07,0.21,0.07,1.0,1.07,0.07,0.14,0.29,0.21,0.5,1.64,0.786,0.0,0.333
367,216,65,2019,17:15,2.38,5.06,0.05,0.35,1.62,2.2,1.69,2.68,4.37,1.63,0.71,0.35,0.89,1.78,6.43,0.471,0.13,0.734
368,205,43,2019,13:57,2.21,3.98,0.19,0.84,0.53,1.07,1.07,2.7,3.77,1.26,0.56,0.98,0.84,1.81,5.14,0.556,0.222,0.5
369,215,73,2019,25:00,2.85,6.64,1.84,4.53,0.73,0.92,0.42,2.84,3.26,1.27,1.18,0.63,0.59,1.88,8.26,0.429,0.405,0.791
370,305,69,2019,19:53,3.87,7.93,1.86,4.26,0.7,0.84,0.38,2.14,2.52,1.13,0.19,0.09,0.61,1.7,10.29,0.488,0.435,0.828
371,469,67,2019,32:52,7.97,14.88,1.36,3.37,2.49,3.04,1.01,3.15,4.16,1.48,1.16,0.51,1.28,2.79,19.79,0.536,0.403,0.819
372,2080,59,2019,7:58,1.15,1.95,0.03,0.22,0.31,0.46,0.34,1.15,1.49,0.36,0.27,0.2,0.25,1.08,2.64,0.591,0.154,0.667
373,304,71,2019,18:40,2.99,5.8,0.07,0.24,0.49,0.59,0.54,2.17,2.7,5.0,0.8,0.15,1.41,1.03,6.54,0.515,0.294,0.833
374,452,62,2019,29:26,4.32,9.47,1.39,4.03,2.05,2.73,1.39,5.21,6.6,1.16,0.76,2.13,1.37,2.68,12.08,0.457,0.344,0.751
375,406,62,2019,34:48,7.39,13.66,0.27,1.08,3.45,4.77,3.06,9.37,12.44,5.0,0.71,0.48,2.76,3.15,18.5,0.541,0.254,0.723
376,65,54,2019,30:51,6.04,13.8,1.39,4.26,3.07,3.44,0.87,4.0,4.87,7.06,0.65,0.19,2.43,1.81,16.54,0.438,0.326,0.892
377,308,52,2019,11:24,1.4,3.29,0.27,1.25,0.42,0.6,0.71,1.46,2.17,0.27,0.44,0.15,0.5,1.38,3.5,0.427,0.215,0.71
378,270,72,2019,3:04,0.5,1.19,0.07,0.25,0.1,0.22,0.32,0.65,0.97,0.13,0.14,0.06,0.11,0.31,1.17,0.419,0.278,0.438
379,432,45,2019,9:55,1.36,3.16,0.31,1.18,0.36,0.64,0.24,0.76,1.0,1.22,0.33,0.2,0.47,0.98,3.38,0.43,0.264,0.552
380,213,73,2019,22:09,3.19,7.71,1.19,3.03,1.01,1.19,0.3,1.82,2.12,3.08,0.77,0.23,1.19,1.64,8.59,0.414,0.394,0.851
381,240,48,2019,2:27,0.25,0.6,0.06,0.17,0.15,0.21,0.33,0.69,1.02,0.15,0.06,0.04,0.15,0.25,0.71,0.414,0.375,0.7
382,666442,69,2019,6:49,1.01,2.17,0.12,0.61,0.35,0.48,0.35,1.16,1.51,0.33,0.14,0.54,0.39,0.94,2.49,0.467,0.19,0.727
383,666672,65,2019,3:34,0.54,1.29,0.14,0.45,0.15,0.32,0.09,0.4,0.49,0.28,0.09,0.14,0.12,0.26,1.37,0.417,0.31,0.476
384,666502,9,2019,5:40,0.67,1.0,0.0,0.11,0.0,0.0,0.33,0.67,1.0,0.33,0.11,0.11,0.44,1.11,1.33,0.667,0.0,0.0
385,666676,51,2019,6:25,0.75,2.22,0.27,0.98,0.24,0.31,0.14,0.76,0.9,0.86,0.29,0.06,0.35,0.57,2.0,0.336,0.28,0.75
386,666679,57,2019,22:01,3.09,7.11,1.86,4.77,0.81,1.0,0.84,2.44,3.28,1.21,0.61,0.35,0.56,1.54,8.84,0.435,0.39,0.807
387,666720,13,2019,2:25,0.31,0.77,0.0,0.31,0.15,0.15,0.0,0.15,0.15,0.15,0.0,0.0,0.15,0.23,0.77,0.4,0.0,1.0
388,666464,29,2019,1:50,0.21,0.76,0.03,0.31,0.14,0.17,0.07,0.1,0.17,0.14,0.0,0.03,0.07,0.1,0.59,0.273,0.111,0.8
389,68,69,2019,25:49,3.96,9.01,0.88,2.59,1.58,2.01,1.1,4.45,5.55,2.58,1.22,0.1,1.14,1.91,10.38,0.439,0.341,0.784
390,666489,37,2019,1:13,0.16,0.41,0.03,0.16,0.11,0.11,0.14,0.14,0.27,0.08,0.03,0.03,0.08,0.19,0.46,0.4,0.167,1.0
391,457,31,2019,1:30,0.16,0.26,0.0,0.03,0.06,0.06,0.1,0.19,0.29,0.06,0.1,0.03,0.23,0.19,0.39,0.625,0.0,1.0
392,6,53,2019,33:05,7.38,14.98,1.15,2.96,2.98,3.6,1.96,5.43,7.4,2.43,0.68,1.64,1.4,2.42,18.89,0.492,0.389,0.827
393,171,68,2019,21:28,3.91,8.76,1.09,3.24,1.76,2.0,0.9,4.43,5.32,1.68,0.51,0.49,1.29,1.51,10.68,0.446,0.336,0.882
394,40,66,2019,13:22,1.86,4.76,1.02,2.7,0.73,0.88,0.11,1.39,1.5,1.05,0.18,0.02,0.29,0.68,5.47,0.392,0.376,0.828
395,125,69,2019,33:34,8.07,15.2,0.13,0.51,5.51,6.52,0.64,4.83,5.46,5.51,1.0,0.29,2.38,2.61,21.78,0.531,0.257,0.844
396,84,58,2019,4:59,0.43,1.14,0.14,0.57,0.5,0.72,0.21,0.74,0.95,0.43,0.14,0.09,0.29,0.55,1.5,0.379,0.242,0.69
397,319,70,2019,21:12,3.69,8.54,2.2,5.76,1.39,1.6,0.31,1.23,1.54,1.69,0.76,0.09,0.77,1.5,10.96,0.431,0.382,0.866
398,307,61,2019,14:16,1.18,2.97,0.39,1.46,0.31,0.56,0.48,2.0,2.48,0.61,0.43,0.13,0.39,1.21,3.07,0.398,0.27,0.559
399,290,63,2019,20:10,2.43,5.44,1.03,2.67,0.52,0.71,1.13,4.6,5.73,1.1,0.44,0.44,0.62,1.56,6.41,0.446,0.387,0.733
400,334,66,2019,25:33,4.45,9.65,0.62,1.68,1.38,1.73,1.05,4.77,5.82,4.11,1.68,0.26,1.89,2.17,10.91,0.462,0.369,0.798
401,373,66,2019,17:44,2.52,4.03,0.0,0.0,0.61,1.3,1.95,3.7,5.65,1.76,0.56,1.45,0.79,1.91,5.64,0.624,0.0,0.465
402,159,63,2019,25:03,3.84,9.22,2.35,6.05,1.19,1.43,0.19,1.81,2.0,1.71,0.52,0.0,0.9,1.79,11.22,0.417,0.388,0.833
403,473,69,2019,24:17,3.67,8.0,1.14,3.13,2.61,3.06,0.51,2.7,3.2,3.49,0.65,0.84,1.29,2.2,11.09,0.458,0.366,0.853
404,314,54,2019,1:56,0.44,0.78,0.0,0.04,0.19,0.24,0.22,0.39,0.61,0.19,0.06,0.11,0.19,0.13,1.07,0.571,0.0,0.769
405,464,70,2019,14:07,2.17,5.11,0.59,1.44,0.64,0.89,0.34,1.66,2.0,0.97,0.46,0.2,0.64,1.11,5.57,0.425,0.406,0.726
406,267,46,2019,28:04,4.7,10.41,1.15,3.43,2.0,2.39,0.52,3.83,4.35,2.09,1.17,0.48,1.09,2.26,12.54,0.451,0.335,0.836
407,201,43,2019,6:11,1.02,1.56,0.0,0.12,0.44,0.65,0.67,1.42,2.09,0.42,0.21,0.28,0.37,0.95,2.49,0.657,0.0,0.679
408,145,53,2019,28:24,7.21,15.13,1.08,3.25,6.64,8.23,2.66,8.53,11.19,2.87,0.83,1.25,3.0,3.28,22.13,0.476,0.331,0.807
409,55,18,2019,2:36,0.22,0.61,0.0,0.22,0.11,0.22,0.17,0.33,0.5,0.0,0.17,0.11,0.11,0.56,0.56,0.364,0.0,0.5
410,323,13,2019,3:36,0.46,1.31,0.15,0.92,0.0,0.0,0.0,0.54,0.54,0.62,0.08,0.08,0.23,0.15,1.08,0.353,0.167,0.0
411,666459,13,2019,2:23,0.23,0.77,0.0,0.15,0.0,0.0,0.08,0.46,0.54,0.0,0.0,0.08,0.08,0.23,0.46,0.3,0.0,0.0
412,222,28,2019,18:48,2.86,6.25,0.43,1.36,1.64,2.79,0.64,3.14,3.79,0.93,0.96,0.25,0.96,1.68,7.79,0.457,0.316,0.59
413,379,40,2019,26:30,3.65,5.73,0.25,0.98,1.85,2.78,1.88,3.83,5.7,1.48,0.88,0.53,0.93,2.55,9.4,0.638,0.256,0.667
416,77,68,2019,25:47,4.72,11.28,1.71,4.41,3.46,3.9,0.72,3.44,4.16,2.78,0.88,0.24,1.34,1.88,14.6,0.419,0.387,0.887
417,91,58,2019,18:55,3.02,5.21,0.0,0.02,0.69,1.14,1.45,3.97,5.41,1.21,0.86,1.03,0.69,2.09,6.72,0.579,0.0,0.606
418,666508,33,2019,5:39,0.82,1.45,0.03,0.21,0.33,0.64,0.58,0.76,1.33,0.48,0.03,0.24,0.27,0.42,2.0,0.563,0.143,0.524
419,400,49,2019,20:05,2.8,6.67,0.84,2.55,0.55,0.84,0.47,2.43,2.9,4.88,0.8,0.04,1.86,1.18,6.98,0.419,0.328,0.659
420,265,61,2019,25:01,4.77,10.95,1.41,4.46,1.87,2.54,0.85,3.62,4.48,1.31,0.46,0.43,1.49,2.07,12.82,0.436,0.316,0.735
421,666767,32,2019,18:26,2.72,5.56,0.91,2.38,0.81,1.22,0.22,1.31,1.53,3.91,1.06,0.13,0.97,0.97,7.16,0.489,0.382,0.667
422,666809,24,2019,6:17,0.79,2.21,0.13,1.08,0.67,0.71,0.13,0.42,0.54,0.79,0.13,0.04,0.13,0.46,2.38,0.358,0.115,0.941
423,666610,24,2019,3:21,0.25,1.25,0.17,0.71,0.17,0.33,0.08,0.21,0.29,0.54,0.17,0.04,0.21,0.25,0.83,0.2,0.235,0.5
424,238,43,2019,1:43,0.12,0.33,0.0,0.0,0.12,0.33,0.23,0.3,0.53,0.09,0.02,0.07,0.07,0.16,0.35,0.357,0.0,0.357
425,2225,8,2019,2:50,0.13,0.25,0.0,0.0,0.0,0.0,0.13,0.13,0.25,0.25,0.0,0.0,0.63,0.13,0.25,0.5,0.0,0.0
426,666824,27,2019,4:02,0.44,1.19,0.26,0.7,0.15,0.19,0.19,0.44,0.63,0.15,0.15,0.07,0.15,0.33,1.3,0.375,0.368,0.8
427,109,39,2019,16:44,1.62,4.54,0.92,3.05,0.26,0.36,0.26,1.69,1.95,0.85,0.38,0.1,0.44,1.21,4.41,0.356,0.303,0.714
428,666476,14,2019,2:20,0.29,0.71,0.0,0.0,0.21,0.57,0.21,0.79,1.0,0.07,0.07,0.07,0.21,0.5,0.79,0.4,0.0,0.375
429,666641,30,2019,3:25,0.5,1.07,0.0,0.1,0.27,0.43,0.47,0.6,1.07,0.13,0.17,0.0,0.13,0.4,1.27,0.469,0.0,0.615
430,189,18,2019,28:27,4.89,13.89,1.5,6.17,4.22,5.44,0.94,3.72,4.67,3.28,0.39,0.39,2.22,1.5,15.5,0.352,0.243,0.776
431,79,61,2019,32:06,5.66,12.44,0.48,1.95,7.18,8.61,1.72,4.57,6.3,5.74,1.69,0.52,2.08,1.33,18.97,0.455,0.244,0.834
432,253,60,2019,16:23,3.32,5.8,0.02,0.12,1.17,1.65,2.72,4.47,7.18,0.93,0.38,0.68,0.93,1.67,7.82,0.572,0.143,0.707
433,666713,45,2019,8:13,0.62,1.78,0.11,0.6,0.4,0.56,0.33,0.58,0.91,0.29,0.16,0.18,0.24,0.73,1.76,0.35,0.185,0.72
434,2158,37,2019,24:32,1.81,4.38,0.62,1.92,0.35,0.49,0.51,1.81,2.32,2.14,1.05,0.11,0.78,1.62,4.59,0.414,0.324,0.722
435,2208,37,2019,6:42,0.49,1.05,0.27,0.65,0.19,0.24,0.05,0.38,0.43,0.73,0.19,0.0,0.14,0.57,1.43,0.462,0.417,0.778
436,242,54,2019,11:28,1.91,3.98,0.61,1.69,0.57,0.89,0.46,1.72,2.19,1.37,0.44,0.61,0.89,1.48,5.0,0.479,0.363,0.646
437,2194,20,2019,1:53,0.25,0.75,0.05,0.2,0.05,0.1,0.05,0.25,0.3,0.25,0.15,0.05,0.25,0.2,0.6,0.333,0.25,0.5
438,2148,42,2019,3:03,0.57,1.14,0.0,0.24,0.17,0.4,0.29,0.29,0.57,0.36,0.17,0.05,0.29,0.43,1.31,0.5,0.0,0.412
439,147,35,2019,7:46,1.23,1.91,0.03,0.03,0.57,0.74,0.8,1.63,2.43,0.43,0.14,0.49,0.6,1.06,3.06,0.642,1.0,0.769
440,666543,41,2019,18:23,2.24,5.76,0.68,2.39,0.76,1.12,0.49,2.39,2.88,0.46,0.49,0.2,0.85,1.95,5.93,0.39,0.286,0.674
441,463,30,2019,6:54,1.37,3.3,0.5,1.57,0.47,0.57,0.07,0.73,0.8,0.67,0.13,0.2,0.53,0.7,3.7,0.414,0.319,0.824
442,666463,23,2019,4:10,0.43,1.22,0.13,0.57,0.04,0.09,0.09,0.78,0.87,0.48,0.13,0.22,0.3,0.3,1.04,0.357,0.231,0.5
443,316,10,2019,16:06,1.9,5.9,1.1,3.5,1.5,2.0,0.4,0.8,1.2,1.2,1.0,0.4,0.4,1.4,6.4,0.322,0.314,0.75
444,666703,29,2019,6:14,0.83,1.28,0.17,0.34,0.03,0.07,0.62,1.0,1.62,0.76,0.24,0.1,0.24,0.24,1.86,0.649,0.5,0.5
445,470,32,2019,3:16,0.47,1.06,0.09,0.25,0.09,0.25,0.22,0.41,0.63,0.16,0.13,0.03,0.06,0.28,1.13,0.441,0.375,0.375
446,666474,25,2019,1:37,0.24,0.76,0.12,0.36,0.2,0.2,0.08,0.08,0.16,0.08,0.08,0.08,0.12,0.12,0.8,0.316,0.333,1.0
447,50729,29,2019,4:59,0.24,1.0,0.14,0.79,0.31,0.48,0.03,0.31,0.34,0.07,0.07,0.0,0.17,0.76,0.93,0.241,0.174,0.643
448,174,64,2019,10:25,2.17,3.92,0.0,0.03,0.59,0.77,0.67,2.27,2.94,0.94,0.34,0.28,0.69,1.86,4.94,0.554,0.0,0.776
449,143,15,2019,1:00,0.07,0.47,0.0,0.27,0.0,0.0,0.13,0.27,0.4,0.07,0.0,0.0,0.0,0.07,0.13,0.143,0.0,0.0
450,666650,11,2019,7:22,1.27,2.73,0.36,1.18,0.18,0.36,0.18,0.45,0.64,0.55,0.73,0.09,0.55,0.91,3.09,0.467,0.308,0.5
451,154,33,2019,11:41,1.03,1.64,0.0,0.06,0.55,0.7,1.67,1.45,3.12,0.48,0.3,0.06,0.55,1.03,2.61,0.63,0.0,0.783
452,666468,34,2019,3:58,0.38,1.06,0.09,0.44,0.24,0.29,0.26,0.5,0.76,0.21,0.12,0.03,0.21,0.53,1.09,0.361,0.2,0.8
453,666847,8,2019,1:19,0.38,0.63,0.13,0.25,0.25,0.25,0.0,0.13,0.13,0.25,0.0,0.13,0.0,0.25,1.13,0.6,0.5,1.0
454,172,49,2019,28:57,7.0,15.96,3.2,7.78,3.88,4.43,0.49,5.04,5.53,3.78,1.37,0.41,2.55,2.31,21.08,0.439,0.412,0.876
455,364,21,2019,2:34,0.24,0.86,0.19,0.67,0.0,0.0,0.05,0.29,0.33,0.14,0.19,0.05,0.14,0.14,0.67,0.278,0.286,0.0
456,415,14,2019,17:11,1.5,4.57,0.57,2.36,0.29,0.5,0.64,1.79,2.43,0.86,0.86,0.14,0.71,1.5,3.86,0.328,0.242,0.571
457,151,41,2019,11:50,1.37,2.9,0.37,1.05,0.78,1.05,0.29,1.37,1.66,0.98,0.29,0.2,0.76,0.93,3.88,0.471,0.349,0.744
458,294,51,2019,15:50,2.04,4.14,0.1,0.51,1.37,2.22,1.55,2.75,4.29,0.96,0.61,0.86,0.88,2.24,5.55,0.493,0.192,0.619
459,32,48,2019,15:30,2.08,4.88,0.71,2.15,1.13,1.56,0.52,2.13,2.65,0.63,0.4,0.5,0.35,0.9,6.0,0.427,0.33,0.72
460,666675,18,2019,7:50,1.11,2.22,0.28,1.0,0.28,0.33,0.17,0.83,1.0,0.39,0.22,0.06,0.11,1.06,2.78,0.5,0.278,0.833
461,666682,32,2019,9:23,1.66,2.78,0.41,0.69,1.09,1.38,0.31,1.47,1.78,0.47,0.44,0.06,0.41,0.88,4.81,0.596,0.591,0.795
462,492,39,2019,5:39,1.05,1.85,0.0,0.0,0.36,0.49,0.44,1.23,1.67,0.15,0.18,0.13,0.26,0.69,2.46,0.569,0.0,0.737
463,288,54,2019,15:47,2.17,4.98,1.15,2.96,1.28,1.5,0.54,1.81,2.35,0.54,0.33,0.13,0.69,1.96,6.76,0.435,0.388,0.852
464,667378,37,2019,13:23,2.7,6.57,0.86,2.62,1.0,1.43,0.92,2.43,3.35,0.95,0.51,0.59,0.59,2.24,7.27,0.412,0.33,0.698
465,17,59,2019,32:14,5.69,13.25,1.47,3.83,2.31,2.73,1.2,5.03,6.24,1.44,0.83,0.46,1.69,2.9,15.17,0.43,0.385,0.845
466,666891,11,2019,2:31,0.27,1.09,0.18,0.55,0.27,0.36,0.09,0.55,0.64,0.09,0.0,0.09,0.27,0.36,1.0,0.25,0.333,0.75
467,666908,6,2019,1:02,0.33,0.5,0.0,0.17,0.17,0.17,0.17,0.0,0.17,0.0,0.0,0.0,0.0,0.17,0.83,0.667,0.0,1.0
468,666976,9,2019,5:01,0.78,2.22,0.22,1.11,0.33,0.44,0.0,0.56,0.56,0.78,0.22,0.0,0.33,0.56,2.11,0.35,0.2,0.75
469,666788,41,2019,3:16,0.37,0.63,0.07,0.2,0.07,0.1,0.24,0.46,0.71,0.15,0.02,0.05,0.15,0.46,0.88,0.577,0.375,0.75
470,43,21,2019,13:35,1.95,4.38,0.71,2.05,0.48,0.67,0.76,2.71,3.48,1.33,0.19,0.43,1.0,2.0,5.1,0.446,0.349,0.714
471,666608,15,2019,0:38,0.13,0.33,0.0,0.2,0.0,0.0,0.0,0.07,0.07,0.07,0.0,0.0,0.0,0.07,0.27,0.4,0.0,0.0
472,666952,13,2019,9:07,1.08,3.77,0.31,1.85,0.62,0.62,0.0,0.92,0.92,1.23,0.77,0.15,1.15,1.0,3.08,0.286,0.167,1.0
473,50815,25,2019,3:18,0.36,1.28,0.12,0.36,0.36,0.4,0.12,0.48,0.6,0.12,0.12,0.0,0.24,0.12,1.2,0.281,0.333,0.9
474,299,12,2019,9:49,1.92,4.25,0.5,1.75,0.83,1.42,0.42,1.17,1.58,2.42,0.42,0.08,0.92,0.92,5.17,0.451,0.286,0.588
475,425,10,2019,3:13,0.3,1.1,0.0,0.3,0.2,0.4,0.0,0.2,0.2,0.2,0.3,0.0,0.2,0.4,0.8,0.273,0.0,0.5
476,357,19,2019,27:47,5.11,12.95,1.74,5.47,2.53,3.11,0.47,3.47,3.95,2.95,0.89,0.21,2.47,1.89,14.47,0.394,0.317,0.814
477,2216,13,2019,9:00,1.46,3.38,0.38,1.23,0.54,0.85,0.15,0.54,0.69,1.62,0.38,0.15,0.62,0.54,3.85,0.432,0.313,0.636
478,666541,38,2019,21:35,2.26,5.76,0.79,2.66,1.11,1.39,0.63,1.5,2.13,0.71,0.84,0.11,0.58,2.55,6.42,0.393,0.297,0.792
479,666486,4,2019,2:13,0.75,1.5,0.0,0.0,0.0,0.0,0.5,0.75,1.25,0.25,0.0,0.0,0.0,0.0,1.5,0.5,0.0,0.0
480,1358055,42,2019,10:24,1.45,2.76,0.0,0.07,0.81,1.38,1.0,1.55,2.55,0.43,0.21,0.29,0.57,1.79,3.71,0.526,0.0,0.586
481,2189,36,2019,11:59,1.33,3.22,0.36,1.28,0.11,0.22,0.72,1.5,2.22,1.33,0.92,0.19,0.56,1.5,3.14,0.414,0.283,0.5
482,666698,19,2019,3:16,0.42,1.11,0.21,0.58,0.0,0.16,0.05,0.47,0.53,0.26,0.11,0.0,0.11,0.53,1.05,0.381,0.364,0.0
483,666900,19,2019,7:18,1.05,2.11,0.16,0.68,0.84,1.0,0.53,0.89,1.42,0.68,0.16,0.21,0.58,0.74,3.11,0.5,0.231,0.842
484,479,22,2019,8:10,0.86,1.55,0.0,0.09,0.32,0.59,1.09,1.82,2.91,0.36,0.05,0.36,0.23,0.73,2.05,0.559,0.0,0.538
485,1280857,17,2019,3:03,0.41,1.59,0.18,1.18,0.0,0.0,0.06,0.65,0.71,0.29,0.06,0.06,0.0,0.24,1.0,0.259,0.15,0.0
486,666930,39,2019,4:08,0.51,1.1,0.08,0.44,0.49,0.59,0.08,0.44,0.51,0.13,0.03,0.03,0.21,0.26,1.59,0.465,0.176,0.826
487,666783,18,2019,6:12,0.67,1.56,0.33,0.83,0.11,0.22,0.39,0.17,0.56,0.22,0.22,0.0,0.11,0.94,1.78,0.429,0.4,0.5
488,666511,24,2019,6:37,0.96,2.25,0.25,0.79,0.25,0.46,0.17,0.5,0.67,0.58,0.21,0.08,0.33,0.83,2.42,0.426,0.316,0.545
489,349,9,2019,28:07,6.0,12.11,0.22,1.11,3.44,3.89,2.56,6.56,9.11,3.56,1.22,1.78,2.11,4.33,15.67,0.495,0.2,0.886
490,75,30,2019,22:48,3.0,7.47,1.23,3.7,0.57,0.7,0.43,1.83,2.27,1.4,0.83,0.1,0.63,1.87,7.8,0.402,0.333,0.81
491,666859,10,2019,2:49,0.3,0.9,0.0,0.2,0.2,0.2,0.1,0.2,0.3,0.3,0.0,0.0,0.0,0.5,0.8,0.333,0.0,1.0
492,11,14,2019,7:40,0.71,2.71,0.43,2.07,0.14,0.29,0.07,1.43,1.5,0.57,0.0,0.43,0.29,0.93,2.0,0.263,0.207,0.5
493,1567838,20,2019,4:21,0.5,1.3,0.2,0.6,0.35,0.45,0.1,0.75,0.85,0.45,0.2,0.05,0.15,0.25,1.55,0.385,0.333,0.778
494,1573276,1,2019,0:00,0.0,0.0,0.0,0.0,0.0,0.0,0.0,0.0,0.0,0.0,0.0,0.0,0.0,0.0,0.0,0.0,0.0,0.0
495,2211,21,2019,2:10,0.19,0.67,0.0,0.14,0.14,0.24,0.1,0.24,0.33,0.05,0.05,0.14,0.1,0.38,0.52,0.286,0.0,0.6
496,666750,16,2019,6:11,1.5,3.31,0.31,1.13,0.69,0.88,0.06,0.56,0.63,1.13,0.44,0.13,0.25,0.44,4.0,0.453,0.278,0.786
497,1687493,12,2019,1:33,0.08,0.33,0.0,0.17,0.0,0.0,0.0,0.25,0.25,0.08,0.17,0.08,0.0,0.08,0.17,0.25,0.0,0.0
498,666969,24,2019,27:50,8.75,15.0,0.25,0.58,4.75,7.42,2.67,3.58,6.25,2.08,0.67,0.38,2.46,1.75,22.5,0.583,0.429,0.64
499,666653,7,2019,1:53,0.0,0.57,0.0,0.57,0.0,0.0,0.0,0.29,0.29,0.14,0.0,0.0,0.14,0.14,0.0,0.0,0.0,0.0
500,666717,18,2019,3:26,0.33,1.0,0.06,0.39,0.11,0.33,0.11,0.5,0.61,0.17,0.11,0.0,0.11,0.33,0.83,0.333,0.143,0.333
501,1603383,19,2019,4:21,0.42,1.95,0.32,1.42,0.0,0.0,0.0,0.26,0.26,0.32,0.26,0.0,0.05,0.32,1.16,0.216,0.222,0.0
502,234,27,2019,14:07,2.59,5.89,0.85,2.67,1.3,1.85,0.41,2.04,2.44,1.3,0.67,0.33,1.04,1.48,7.33,0.44,0.319,0.7
503,666453,4,2019,0:42,0.0,0.0,0.0,0.0,0.0,0.0,0.0,0.5,0.5,0.0,0.25,0.0,0.0,0.25,0.0,0.0,0.0,0.0
504,1891701,2,2019,9:31,1.0,1.5,0.0,0.0,1.0,1.0,1.0,2.5,3.5,0.0,0.0,0.0,0.0,2.5,3.0,0.667,0.0,1.0
505,666827,6,2019,2:34,0.17,0.83,0.0,0.33,0.33,0.33,0.33,0.17,0.5,0.0,0.17,0.0,0.0,0.17,0.67,0.2,0.0,1.0
506,666401,3,2019,4:27,0.33,0.67,0.0,0.0,0.0,0.0,0.67,0.33,1.0,0.0,0.0,0.0,0.33,0.33,0.67,0.5,0.0,0.0
507,1936,3,2019,14:46,3.67,7.33,1.0,2.33,0.0,0.33,0.33,0.67,1.0,2.67,0.33,0.0,1.33,2.67,8.33,0.5,0.429,0.0
508,666925,13,2019,20:55,2.23,4.85,0.62,1.77,0.23,0.38,0.69,3.31,4.0,2.0,1.0,0.38,1.23,2.31,5.31,0.46,0.348,0.6
509,666953,15,2019,5:10,0.33,1.13,0.07,0.33,0.07,0.13,0.07,0.4,0.47,0.73,0.2,0.07,0.33,0.53,0.8,0.294,0.2,0.5
510,1986689,2,2019,1:50,0.0,1.0,0.0,0.5,1.0,1.0,0.0,0.0,0.0,0.0,0.0,0.0,0.5,0.0,1.0,0.0,0.0,1.0
511,224,22,2019,19:00,1.73,4.0,0.64,2.14,0.27,0.68,0.77,2.77,3.55,2.32,0.64,0.95,1.23,1.59,4.36,0.432,0.298,0.4
512,293,1,2019,0:37,0.0,0.0,0.0,0.0,0.0,0.0,0.0,0.0,0.0,0.0,0.0,0.0,0.0,0.0,0.0,0.0,0.0,0.0
513,96,10,2019,3:20,0.0,0.7,0.0,0.4,0.2,0.2,0.0,0.0,0.0,0.1,0.4,0.0,0.2,0.2,0.2,0.0,0.0,1.0
514,666611,14,2019,9:30,1.07,1.57,0.0,0.0,0.64,1.29,1.0,1.71,2.71,0.29,0.21,0.43,0.36,1.64,2.79,0.682,0.0,0.5
515,2116373,2,2019,6:43,2.0,4.5,1.0,1.5,1.0,1.0,0.0,0.5,0.5,0.0,0.0,0.0,0.0,0.5,6.0,0.444,0.667,1.0
516,666881,14,2019,3:27,0.36,1.14,0.21,0.57,0.21,0.29,0.07,0.64,0.71,0.43,0.0,0.14,0.14,0.43,1.14,0.313,0.375,0.75
517,666794,7,2019,29:05,3.71,9.57,2.29,7.43,1.29,1.71,0.43,2.86,3.29,1.14,0.29,0.14,0.71,2.86,11.0,0.388,0.308,0.75
518,2188,11,2019,4:49,0.64,1.64,0.27,0.82,0.18,0.18,0.18,0.36,0.55,0.0,0.09,0.0,0.0,0.18,1.73,0.389,0.333,1.0
519,386,4,2019,10:06,0.0,1.0,0.0,0.5,1.25,1.5,0.0,0.5,0.5,1.25,0.5,0.0,0.0,0.75,1.25,0.0,0.0,0.833
520,2270852,2,2019,0:00,0.0,0.0,0.0,0.0,0.0,0.0,0.0,0.0,0.0,0.0,0.0,0.0,0.0,0.0,0.0,0.0,0.0,0.0
521,2169,2,2019,0:00,0.0,0.0,0.0,0.0,0.0,0.0,0.0,0.0,0.0,0.0,0.0,0.0,0.0,0.0,0.0,0.0,0.0,0.0
522,1771,8,2019,6:16,0.5,1.0,0.0,0.0,0.75,1.0,0.63,1.38,2.0,0.88,0.13,0.13,0.75,1.13,1.75,0.5,0.0,0.75
523,424,8,2019,9:51,0.88,2.75,0.13,1.38,0.25,0.25,0.0,0.63,0.63,0.38,0.13,0.0,0.5,0.63,2.13,0.318,0.091,1.0
524,368,8,2019,22:53,4.13,8.5,1.88,3.63,0.75,0.88,0.5,3.38,3.88,3.0,1.0,0.25,1.38,2.5,10.88,0.485,0.517,0.857
525,183,8,2019,10:02,1.25,3.38,0.25,1.0,0.63,0.88,0.25,0.5,0.75,1.13,0.13,0.13,0.38,1.38,3.38,0.37,0.25,0.714
526,442,8,2019,12:13,1.0,2.88,0.5,1.63,0.5,0.5,0.25,1.38,1.63,0.75,0.0,0.0,0.75,1.38,3.0,0.348,0.308,1.0
527,1764,8,2019,4:04,0.25,0.5,0.0,0.13,0.13,0.38,0.25,0.75,1.0,0.25,0.5,0.0,0.25,0.88,0.63,0.5,0.0,0.333
528,302,8,2019,3:04,0.25,0.63,0.0,0.25,0.13,0.25,0.13,0.13,0.25,0.0,0.25,0.0,0.13,0.0,0.63,0.4,0.0,0.5
529,1983,4,2019,0:58,0.25,1.0,0.0,0.0,0.0,0.0,0.75,0.25,1.0,0.0,0.0,0.0,0.0,0.0,0.5,0.25,0.0,0.0
530,666451,8,2019,10:52,1.75,3.5,0.5,1.13,1.0,1.25,0.63,1.75,2.38,0.75,0.25,0.75,1.25,1.38,5.0,0.5,0.444,0.8
531,394,7,2019,12:25,1.14,4.14,0.43,2.0,0.14,0.29,1.0,2.86,3.86,0.57,0.14,0.43,0.29,1.86,2.86,0.276,0.214,0.5
532,2,6,2019,0:00,0.0,0.0,0.0,0.0,0.0,0.0,0.0,0.0,0.0,0.0,0.0,0.0,0.0,0.0,0.0,0.0,0.0,0.0
533,111,1,2019,5:58,2.0,4.0,1.0,2.0,0.0,0.0,0.0,0.0,0.0,3.0,0.0,0.0,0.0,1.0,5.0,0.5,0.5,0.0
534,445,2,2019,17:44,3.0,5.5,1.0,2.0,1.0,2.0,0.0,2.0,2.0,2.0,0.5,0.5,1.0,1.0,8.0,0.545,0.5,0.5
